"","site","timepoint","genotype","array","tag_number","number_branches","sa","volume","tle","sav","breakage","growth","initial_tle","initial_sa","initial_vol","initial_sav"
"1","Daves","3","31","11","101",19,179.936279,39.116095,60.161909,4.60005731655985,0,25.354936,9.973947,30.0083273198635,6.8979917473096,4.35029910431069
"2","Daves","3","1","11","102",12,55.11454,13.910489,15.80562,3.96208501369003,0,3.629054,8.351011,22.9606301329214,4.75752476417912,4.8261714380972
"3","Daves","3","50","11","104",0,11.821035,2.964593,3.502566,3.98740569110161,0,NA,8.368973,24.5353921686867,5.26948328471965,4.65612866442408
"4","Daves","3","44","11","108",5,17.907793,6.694894,5.710134,2.67484339557878,0,2.518411,7.973911,20.5500941399539,3.95332899561469,5.19817454169626
"5","Daves","3","13","11","109",5,14.065687,4.058833,6.272799,3.46545102988963,0,4.081669,9.430051,27.8597128742587,6.04770577855314,4.60665811042876
"6","Daves","3","7","12","111",6,94.012703,30.68389,25.964332,3.06391083399139,0,11.202502,8.356634,34.0759634502606,10.3303997036779,3.29861035658947
"7","Daves","3","41","12","112",9,109.356117,25.139065,36.688224,4.35004710795728,1,16.083964,8.595634,25.146653822757,5.49549323759106,4.57586839535079
"8","Daves","3","1","12","113",13,91.771446,27.030931,29.073314,3.39505309676533,0,13.734261,7.770432,22.4773807334876,4.91972201116134,4.56883146700024
"9","Daves","3","44","12","114",6,40.315834,14.17984,11.605711,2.8431797537913,0,3.90074,8.069067,27.848955960527,3.03467540710448,9.17691424108482
"10","Daves","3","31","12","116",11,135.683548,31.579247,45.769519,4.29660491904699,0,22.502017,7.548528,23.3538523055691,4.86459893057916,4.80077651597656
"11","Daves","3","3","12","117",9,63.4398,19.54277,16.078645,3.24620307151954,0,7.853074,7.280578,22.0372753310957,4.77719297890572,4.61301760854209
"12","Daves","3","36","12","118",1,21.307865,5.300708,6.471174,4.01981490019824,0,1.277941,8.524968,25.2819778429058,5.62479525434043,4.49473744371348
"13","Daves","3","50","12","119",10,41.925243,9.297899,18.25476,4.50910931598633,0,NA,7.416405,20.2484216960386,4.03210971525232,5.02179333549497
"14","Daves","3","13","12","120",0,5.067353,1.237766,2.787441,4.09395071443229,5,-8.512204,7.824861,19.9860975372938,3.74922701844874,5.33072482379665
"15","Daves","3","7","13","121",3,39.692478,8.865029,13.528553,4.47742223967908,0,1.960419,6.83135,21.6401670574162,4.81357589747307,4.49565302767458
"16","Daves","3","36","13","122",4,30.641256,8.025906,11.254944,3.81779402848725,0,1.52905,8.965698,32.5235251449308,8.38453303344351,3.87899063850112
"17","Daves","3","41","13","124",5,35.403782,8.658607,12.356947,4.08885424641631,0,4.615033,8.562816,24.2310419226689,4.70079960046724,5.15466388319562
"18","Daves","3","44","13","125",9,98.358841,22.196875,34.096074,4.43120218499226,0,15.3419881,9.037957,24.4596047853133,4.82673074662361,5.06753039879492
"19","Daves","3","62","13","126",0,10.344016,4.257553,1.907104,2.42956834594895,5,-17.646015,7.480359,22.178668938838,4.65453222554993,4.7649619476461
"20","Daves","3","13","13","127",0,9.737983,2.018868,3.510168,4.8234867262248,0,NA,7.696587,20.9653787519652,3.92822678526929,5.33711007485226
"21","Daves","3","1","13","128",16,95.934479,23.065874,30.021329,4.1591521309793,0,9.14777299999999,8.849915,29.4044354529619,6.6699316936951,4.40850623414285
"22","Daves","3","50","13","129",11,90.479385,23.413851,29.9808,3.86435298490624,0,7.235875,8.098215,26.5509187035609,5.82834358208435,4.55548275931696
"23","Daves","3","31","13","130",0,11.041291,2.9126,3.037331,3.79087104305432,0,-0.86019,9.212535,32.8587360786967,8.04908212594432,4.0822960387973
"24","Daves","3","44","14","131",14,75.324692,20.907923,22.256627,3.6026865031022,0,10.016338,9.347461,30.2799514343061,6.93785997954558,4.36445121746165
"25","Daves","3","13","14","134",5,29.676924,7.661122,12.298058,3.8737046610144,0,3.811799,7.383592,23.8695935623624,5.59941405640383,4.26287345817259
"26","Daves","3","41","14","135",2,15.307115,4.862504,6.746069,3.14799021245021,0,2.199343,6.942979,18.4478473091233,3.40072155783912,5.4246862012559
"27","Daves","3","3","14","137",8,38.249996,12.403522,11.884204,3.08380119775657,1,4.311837,8.584842,25.6897789503459,5.80487139696265,4.42555522656158
"28","Daves","3","36","14","138",0,24.883369,9.280093,3.394119,2.68137065005706,0,1.171523,7.994432,28.9114190143943,6.76355873127702,4.27458682079568
"29","Daves","3","31","14","139",18,151.139267,25.724726,68.395881,5.87525274321678,0,33.120562,10.415485,34.2416814897365,8.18917876667028,4.18133276429368
"30","Daves","3","50","14","140",4,35.800835,12.700113,11.286854,2.81893830393478,0,5.757459,8.126271,22.0407306389705,4.17314577013915,5.28156260360766
"31","Daves","3","7","15","141",4,74.207939,25.237558,18.771235,2.94037715534918,0,7.828029,8.732853,33.9983081005932,9.97207316385474,3.40935205167017
"32","Daves","3","44","15","142",2,27.285042,8.708874,6.772503,3.13301604776921,0,2.652999,7.057614,23.2313508904795,5.45903975390716,4.25557459512037
"33","Daves","3","62","15","144",13,83.306831,20.50087,30.160968,4.06357539948305,0,9.34979199999999,9.593583,31.8474125062054,28.1708046864491,1.13051128147308
"34","Daves","3","50","15","145",12,98.028053,23.046383,34.078078,4.25351140784218,0,10.231923,7.516004,23.8861836264173,4.20394166209065,5.68185420882803
"35","Daves","3","1","15","146",9,85.615952,24.940945,25.338557,3.43274691476205,0,17.442261,7.809601,20.4771100944572,3.95038997452432,5.18356674316006
"36","Daves","3","41","15","148",2,11.993173,2.539715,5.238706,4.72225151247286,0,0.582026000000001,8.417048,21.6780972972862,3.78611635611142,5.72568174305952
"37","Daves","3","3","15","149",5,37.755417,12.878551,7.02865,2.93165100639039,0,2.444571,7.706176,23.9692149243237,5.29347834748937,4.5280651682824
"38","Daves","3","36","15","150",1,30.922009,9.949792,6.265808,3.10780456516076,5,1.432992,7.11911,21.3513184518196,4.84434929323878,4.40746881766339
"39","Daves","3","13","16","151",7,55.445755,9.916754,25.10886,5.59111933199109,0,8.155195,7.271248,20.0336145147729,3.68606727532241,5.43495628766585
"40","Daves","3","1","16","152",8,81.475624,21.077852,25.647043,3.86546143316691,0,10.170005,7.226232,18.2262485448389,3.46126175171988,5.26578162884746
"41","Daves","3","3","16","153",18,143.387268,35.066368,47.743423,4.08902535899926,1,9.99481699999999,10.190786,37.5825130982806,9.77513165820056,3.84470658937385
"42","Daves","3","44","16","156",13,166.524872,47.621148,48.866614,3.49686807214307,1,15.176165,10.789007,43.8089842751163,11.4986498227557,3.80992420418082
"43","Daves","3","31","16","157",1,16.856556,6.093138,5.085269,2.76648190144389,5,-24.213427,8.172715,26.0785152143275,5.36824648191581,4.85792060818725
"44","Daves","3","36","16","158",11,97.485023,26.676702,31.354422,3.65431315310266,1,13.666104,8.523751,33.98749352478,8.49412230277186,4.00129552098502
"45","Daves","3","62","16","159",6,86.266457,25.214926,21.242637,3.42124569391955,0,5.861679,8.553196,28.2848362501099,6.63774255767722,4.2612132067996
"46","Daves","3","13","17","163",6,26.872332,7.315575,10.992006,3.67330414902451,0,2.746816,8.219562,23.5962309895843,4.65499617552356,5.06901189600448
"47","Daves","3","41","17","164",2,18.625248,7.420498,6.075497,2.50997278080258,0,0.413829000000001,8.328667,25.2655222519387,5.38210737413127,4.6943549237564
"48","Daves","3","7","17","165",4,61.166191,15.439491,17.638507,3.96167146960998,0,4.027476,8.608008,31.2131074590415,8.18283684670314,3.814460442483
"49","Daves","3","31","17","166",0,3.020667,0.482921,1.242905,6.25499201732789,0,-6.045428,7.948332,21.8192731357948,4.27125349535006,5.10840041677428
"50","Daves","3","50","17","167",6,49.072094,13.403499,16.443695,3.66114057232369,1,8.266798,7.971973,22.9214745539413,4.73152155248589,4.8444193479154
"51","Daves","3","36","17","168",3,26.780066,10.518738,6.427747,2.54593906607428,5,-8.540506,9.085603,30.5791083671139,7.37787616338586,4.14470339294506
"52","Daves","3","62","17","169",9,59.426945,19.735725,16.8387,3.01113564361076,0,0.522967000000005,7.863658,27.504534690598,6.83732614844756,4.0227033336479
"53","Daves","3","44","17","170",9,66.832901,17.026674,22.997146,3.92518826636371,1,4.191075,8.727191,27.8429312918514,6.62555784936509,4.20235275653348
"54","Daves","3","31","18","172",8,26.944014,6.900197,11.832674,3.90481807983163,2,-0.0791000000000004,9.350462,28.8263309952607,5.84170761856998,4.93457271014827
"55","Daves","3","41","18","173",9,50.408398,12.937525,20.841404,3.89629376561591,0,9.54053,7.699077,22.4864240301142,4.54077441733744,4.95211212084381
"56","Daves","3","36","18","174",7,105.032837,30.254705,29.035621,3.47161993481675,1,13.822218,8.970528,31.268821974591,7.98593482498237,3.91548674762193
"57","Daves","3","3","18","175",7,77.96022,22.878942,23.103815,3.40750984027146,0,6.647696,8.098509,28.9306519772093,7.49823266654212,3.8583294575935
"58","Daves","3","50","18","176",7,66.372727,17.95784,20.329296,3.69603064733843,4,7.46555799999999,7.948463,25.0260022927802,5.61127625077701,4.4599483565463
"59","Daves","3","62","19","181",5,32.175705,12.151731,5.400893,2.64782893893882,0,1.249852,8.396349,25.8293458470191,5.69171717381186,4.53805856093173
"60","Daves","3","41","19","183",9,54.611816,12.157468,18.845224,4.49203863830857,0,NA,7.021056,21.9213138242854,4.75817411995842,4.60708525405475
"61","Daves","3","36","19","184",5,79.918831,22.352002,21.835299,3.57546634972563,0,6.947121,8.847122,30.9334308256169,7.91730065484616,3.90706784725708
"62","Daves","3","1","19","185",12,39.644466,11.990939,11.747847,3.30620195799512,0,NA,7.847682,22.9000814757767,5.08791348003416,4.50087871298136
"63","Daves","3","3","19","186",9,52.917068,17.824001,15.102193,2.96886585677368,0,7.225135,7.487703,20.6794887369666,4.23195089326332,4.88651434256608
"64","Daves","3","7","19","189",7,37.621845,12.875258,6.584838,2.92202649453704,0,1.499187,6.692168,19.6128339151408,4.02492373675144,4.87284609545683
"65","Daves","3","13","19","190",4,28.363359,7.805259,11.09883,3.63387800456077,0,3.235927,7.277697,18.8884416264408,3.39980486466943,5.5557428671064
"66","Daves","3","36","20","191",7,82.986778,27.257402,21.123614,3.04455934575129,0,0.846020999999993,10.568982,36.6995637165455,8.68182760827427,4.22717028861167
"67","Daves","3","3","20","197",11,45.811008,11.577204,11.932682,3.95700101682582,0,3.532331,8.128202,23.8231757614086,4.70490178290754,5.06347993234543
"68","Daves","3","50","20","198",8,36.104282,11.395525,6.523102,3.16828597190564,0,0.290645999999999,9.018113,30.2203986517411,6.69552880656428,4.51351932383789
"69","Daves","3","13","20","199",0,17.643322,5.402658,4.343409,3.26567441433457,5,-18.306641,9.327672,29.8078440649043,6.27761672700754,4.74827396465049
"70","Daves","3","7","20","200",12,74.484734,22.369202,21.437008,3.32978950254908,0,8.817281,7.380193,24.4970518937503,6.02454902033764,4.06620509038159
"71","Looe","3","1","1","7",10,38.837135,9.262885,14.007607,4.19276877560285,0,8.881372,6.418923,16.6182386777574,3.60207149470096,4.61352271941427
"72","Looe","3","44","1","8",0,23.143555,5.990506,4.554334,3.86337230945099,0,0.683781,9.755547,32.930587926239,7.89758823205133,4.16970180752074
"73","Looe","3","36","1","9",8,87.274506,26.265743,25.771985,3.32275032158809,0,7.772409,8.978914,39.5794758223108,11.2781195691377,3.50940381325794
"74","Looe","3","3","1","10",5,18.991714,3.830088,7.536412,4.95855813234579,1,4.159386,6.081557,16.3260820684867,3.43354609683336,4.75487487514546
"75","Looe","3","31","2","13",8,58.867455,16.017855,22.974734,3.67511473914578,0,6.338041,7.499077,23.0373037969593,5.34791981492587,4.30771301631393
"76","Looe","3","50","2","14",4,50.427799,61.216076,13.575044,0.823767256823191,0,5.363517,8.623048,28.2963066681588,5.74704857481806,4.92362406542817
"77","Looe","3","41","2","15",6,42.242546,11.660167,16.005532,3.62280797522025,0,6.670638,8.723368,26.6698742420169,5.90036201803937,4.52004032303072
"78","Looe","3","3","2","17",6,86.64621,20.859487,28.041464,4.15380349478393,0,9.594851,8.186712,25.1183676880221,5.11935164940668,4.9065525105964
"79","Looe","3","7","2","18",6,78.203522,29.30452,19.950198,2.66865050169735,1,6.486411,8.401778,36.1738853884279,11.3541404165822,3.18596424398605
"80","Looe","3","36","2","19",6,62.330208,17.750748,17.533001,3.5114130401716,0,4.748617,10.431457,42.2135108036163,9.45777240418876,4.46336716507582
"81","Looe","3","3","3","21",8,69.028954,18.428091,20.054125,3.74585484736319,0,8.188812,7.282414,25.6769660573586,6.6013738472966,3.88963974035099
"82","Looe","3","1","3","29",5,56.38739,17.42933,18.274625,3.23520123837233,0,5.985108,7.14955,20.569193177109,4.44066274941443,4.63200975571076
"83","Looe","3","36","3","30",6,113.907738,35.308526,32.374668,3.22606891038159,0,13.625418,10.165267,32.3393480998902,7.59521854725886,4.2578561628831
"84","Looe","3","41","4","31",4,21.281168,3.567966,9.526178,5.96450975149427,0,4.550169,9.481329,25.7426814630113,4.79130486548354,5.37279137640792
"85","Looe","3","50","4","32",5,30.504725,9.226396,12.33442,3.30624493030648,0,5.129924,8.316473,24.7531848746972,4.95485645250385,4.99574207890294
"86","Looe","3","44","4","34",14,122.435493,29.644083,39.196448,4.13018318023195,2,17.170601,8.729765,29.2589753717227,6.96643615279759,4.19999189398626
"87","Looe","3","36","4","35",1,12.91698,4.495011,4.177089,2.87362589324031,0,1.097659,8.733731,26.0720226175571,5.65220144785539,4.61271999203949
"88","Looe","3","62","4","36",7,98.735619,98.735619,29.351159,1,0,10.989142,9.054286,31.2221568016546,7.88735549819184,3.95850761498099
"89","Looe","3","1","4","40",6,24.447165,7.101753,10.204045,3.44241273950249,0,6.39122,8.239419,26.2306148438811,5.69472068566005,4.60612842872746
"90","Looe","3","31","5","41",0,18.801893,5.208757,3.544659,3.60966983101727,5,-15.616602,8.032514,20.2922105099042,3.88074492938708,5.22894724573129
"91","Looe","3","44","5","42",10,102.443817,28.911844,33.777309,3.54331660754672,0,11.2436,9.608008,30.8752489841031,7.31096867084583,4.22314064991487
"92","Looe","3","50","5","43",10,105.853546,27.302933,33.771643,3.87700273813073,0,18.161652,9.033994,27.3280115780706,5.87915590202308,4.64828829741813
"93","Looe","3","62","5","44",12,133.509644,40.202798,42.333355,3.32090428133883,0,14.385007,9.342276,31.8537681010494,7.8034732864261,4.08199873721078
"94","Looe","3","36","5","45",8,62.575073,17.147867,23.756654,3.64914615911122,0,5.172326,10.082263,36.2926848018791,9.56812106969615,3.79308377658641
"95","Looe","3","7","5","46",4,40.935078,12.50001,10.587502,3.2748036201571,1,NA,7.42228,24.9312323133794,6.11365235646358,4.07796041706905
"96","Looe","3","13","5","47",6,47.589409,12.836483,17.189669,3.70735574533928,0,6.773995,7.899937,23.6974944704524,5.14571875691691,4.60528365227852
"97","Looe","3","1","5","48",12,77.171249,20.92617,26.898161,3.68778658493169,0,12.180828,7.014389,18.593882478713,3.64450657578081,5.1018929701696
"98","Looe","3","41","5","49",7,70.38485,17.946483,24.009566,3.92192999597748,0,6.145105,9.559787,27.2416280566496,5.67828564540873,4.79750927618026
"99","Looe","3","3","5","50",5,47.374401,12.693063,15.579897,3.73230645747209,0,1.031672,7.707844,20.7692846624078,4.14091045031751,5.01563241021435
"100","Looe","3","50","6","51",15,106.727562,28.684597,32.494513,3.7207272599995,0,NA,8.177941,24.7855203955821,5.37328551239091,4.61273095174752
"101","Looe","3","41","6","52",10,80.138466,17.965287,30.029757,4.46073953619555,0,10.60504,8.233462,19.0842916892436,3.26581485853648,5.84365388606134
"102","Looe","3","13","6","53",14,116.258614,30.795101,40.043163,3.77523080700401,0,14.621605,8.024495,23.8971180537356,5.28983647593163,4.51755326699903
"103","Looe","3","62","6","54",7,123.36644,37.231428,32.624599,3.31350277512858,0,NA,8.983609,34.3041970621696,8.6190161215114,3.98005950778453
"104","Looe","3","44","6","55",11,67.523178,19.042744,22.042095,3.54587437608782,0,9.955532,10.572797,30.6457253044563,5.9915776937593,5.1148006202734
"105","Looe","3","7","6","56",4,38.23521,10.81519,12.924893,3.53532485328506,0,2.589873,6.512749,21.8217135451146,5.02342508338408,4.34399103856332
"106","Looe","3","31","6","58",2,11.666709,3.808637,5.799707,3.06322419280178,0,2.249653,7.813678,24.654536659679,5.22683057775462,4.71691903782162
"107","Looe","3","3","6","59",0,11.281585,2.647925,3.612542,4.26053796840923,5,-10.050023,6.706171,17.1033685617693,3.09149339758149,5.53239692348993
"108","Looe","3","1","6","60",13,98.990509,27.890305,31.304283,3.54928026064971,0,12.576545,7.806027,23.8331729613347,5.31921476250637,4.48058106796664
"109","Looe","3","44","7","61",10,132.357483,36.945382,39.884224,3.58251764726644,0,13.693184,8.805228,29.7395498165956,6.85263675989234,4.3398695799342
"110","Looe","3","13","7","62",10,92.382668,21.657066,36.532127,4.26570561312414,1,19.915733,6.775881,20.6740965276247,4.59931599018905,4.49503721243012
"111","Looe","3","50","7","63",4,45.886253,13.795079,15.170331,3.32627692817127,0,5.130622,8.363528,26.6654064621283,5.73155532654171,4.65238577365659
"112","Looe","3","1","7","64",10,80.748276,19.935521,30.105025,4.05047232023683,0,12.608413,6.846406,21.3633449160519,5.08744079477169,4.19923214399013
"113","Looe","3","36","7","65",5,37.763691,13.160899,12.562629,2.86938536645559,0,3.667839,9.416637,33.4471561033456,8.01818756369733,4.17141103742434
"114","Looe","3","7","7","66",3,56.095001,18.286482,13.90335,3.06756657732198,0,2.013385,6.701969,20.7261991003516,4.95306054077341,4.18452367576256
"115","Looe","3","41","7","68",6,65.222512,16.223412,23.465824,4.02027095163459,1,5.953748,8.512565,26.8170960078179,5.96030737984449,4.49928070798886
"116","Looe","3","3","7","69",14,108.545319,30.041424,31.355772,3.61318820972002,4,2.561782,8.235332,23.7029672870463,5.1338940831419,4.61695681741456
"117","Looe","3","41","8","80",9,56.287598,14.741439,20.036611,3.81832452042165,0,3.587818,9.64374,29.6506949699016,6.11702777683772,4.84723889634353
"118","Looe","3","3","9","81",0,20.984846,5.488791,5.905411,3.82321826427714,0,NA,6.818452,21.0449359926647,4.63579155432954,4.53966399179662
"119","Looe","3","13","9","83",3,23.762045,6.645238,9.339284,3.57580044537156,0,2.511833,7.924602,22.9870435137453,4.72142343525853,4.86866806778719
"120","Looe","3","50","9","84",5,86.970909,23.421616,29.122472,3.71327533505801,0,NA,9.170886,32.3937865302782,7.42092757841196,4.36519372921981
"121","Looe","3","31","9","86",7,20.565062,6.852308,6.718757,3.00118762904411,0,1.69481,7.261439,17.4892855211077,2.76491838187636,6.32542560234232
"122","Looe","3","36","9","87",8,67.061905,22.216122,17.592359,3.01861436482929,0,4.135542,10.75372,35.7340346986969,8.63039663498361,4.14048579805102
"123","Looe","3","44","9","88",14,146.985825,43.088352,43.910477,3.41126587992968,0,NA,11.024885,38.4579567361006,8.96135230523438,4.29153496327079
"124","Looe","3","7","9","89",6,76.893661,27.020436,17.959284,2.84575944666474,0,NA,6.904873,23.9297130936483,5.92263407586855,4.04038351637299
"125","Looe","3","41","9","90",0,7.176322,1.760562,3.107224,4.07615409170481,0,0.706917,9.866615,28.945737730506,5.8352315965764,4.96051223527937
"126","Looe","3","62","10","91",9,142.622543,41.062656,39.442779,3.47329074378433,1,15.629313,10.745427,37.4455632099027,8.77939015756466,4.26516677558044
"127","Looe","3","3","10","94",6,52.204647,15.717808,14.594355,3.32136943013937,1,6.07577,6.601647,19.3164723074902,3.86328074582861,5.00001775132373
"128","Looe","3","41","10","95",5,32.54229,8.058499,13.539018,4.03825700046622,0,6.579012,9.511276,27.8735093827533,5.35477415384437,5.20535667461193
"129","Looe","3","7","10","96",6,53.075668,18.293776,15.05543,2.90129648466232,0,4.144625,7.132475,21.9416041656352,4.63679293639512,4.73206469786716
"130","Looe","3","13","10","97",14,59.858269,14.761193,20.400907,4.05511051850619,0,4.284469,7.748622,24.0545807292827,5.15306750837423,4.66801195408204
"131","Looe","3","31","10","98",5,21.675947,4.959636,7.458157,4.37047134104196,0,NA,7.520687,19.758827340769,3.77861713654362,5.22911600375654
"132","Looe","3","36","10","99",1,24.504335,8.396603,4.986275,2.91836293796432,0,1.779617,10.0802,34.0877717850934,8.07464735644331,4.22158024745098
"133","Looe","3","50","10","100",16,153.755615,38.34206,52.465591,4.01010313478201,0,21.838765,8.94447,27.0625731138853,5.53324787479371,4.890902002993
"134","Daves","T2","31","11","101",16,91.37616,23.470125,34.806973,3.89329669100612,1,18.679118,9.973947,30.0083273198635,6.8979917473096,4.35029910431069
"135","Daves","T2","1","11","102",3,37.80761,12.407041,12.176566,3.04727049745382,0,3.262526,8.351011,22.9606301329214,4.75752476417912,4.8261714380972
"136","Daves","T2","7","11","106",3,31.757929,9.773219,8.817,3.24948504684076,0,2.920105,9.553802,34.4990441074236,9.33247431718544,3.69666638609385
"137","Daves","T2","3","11","107",5,36.76543,11.580167,9.204729,3.17486181330546,1,3.866617,7.475078,20.5802972503586,4.18443849203534,4.91829364669385
"138","Daves","T2","44","11","108",0,10.549157,3.532913,3.191723,2.98596568893715,0,-4.550861,7.973911,20.5500941399539,3.95332899561469,5.19817454169626
"139","Daves","T2","13","11","109",0,8.1457,2.687111,2.19113,3.03139691661416,0,0.151225,9.430051,27.8597128742587,6.04770577855314,4.60665811042876
"140","Daves","T2","7","12","111",4,57.951477,20.564399,14.76183,2.81804865777988,0,5.006334,8.356634,34.0759634502606,10.3303997036779,3.29861035658947
"141","Daves","T2","41","12","112",8,58.471157,16.534743,20.60426,3.5362604063456,0,NA,8.595634,25.146653822757,5.49549323759106,4.57586839535079
"142","Daves","T2","1","12","113",6,51.801956,17.234788,15.339053,3.00566250075139,0,5.593872,7.770432,22.4773807334876,4.91972201116134,4.56883146700024
"143","Daves","T2","44","12","114",1,29.475248,12.346143,7.704971,2.38740536214427,0,1.284173,8.069067,27.848955960527,3.03467540710448,9.17691424108482
"144","Daves","T2","31","12","116",8,63.66951,17.336658,23.267502,3.67253654077966,2,11.088268,7.548528,23.3538523055691,4.86459893057916,4.80077651597656
"145","Daves","T2","3","12","117",3,34.416809,12.838279,8.225571,2.6807961565565,0,3.584803,7.280578,22.0372753310957,4.77719297890572,4.61301760854209
"146","Daves","T2","36","12","118",1,16.032227,5.229761,5.193233,3.06557546319994,0,1.932437,8.524968,25.2819778429058,5.62479525434043,4.49473744371348
"147","Daves","T2","13","12","120",2,33.917534,9.281238,11.299645,3.65441916261602,1,1.671104,7.824861,19.9860975372938,3.74922701844874,5.33072482379665
"148","Daves","T2","7","13","121",3,35.063164,10.751544,11.568134,3.26122127203311,0,3.40217,6.83135,21.6401670574162,4.81357589747307,4.49565302767458
"149","Daves","T2","36","13","122",3,42.337196,14.767529,9.725894,2.86691131603669,0,2.985144,8.965698,32.5235251449308,8.38453303344351,3.87899063850112
"150","Daves","T2","3","13","123",2,15.322263,4.016599,5.639699,3.81473555114663,0,1.927634,8.112431,24.6831283229792,5.54590563719848,4.45069388801355
"151","Daves","T2","41","13","124",6,22.908768,4.721118,7.741914,4.85240318077201,0,2.580395,8.562816,24.2310419226689,4.70079960046724,5.15466388319562
"152","Daves","T2","44","13","125",12,67.58287,19.807173,18.7540859,3.41204017352704,0,6.4527899,9.037957,24.4596047853133,4.82673074662361,5.06753039879492
"153","Daves","T2","62","13","126",9,52.694103,14.311603,19.553119,3.6819148071673,0,7.82986,7.480359,22.178668938838,4.65453222554993,4.7649619476461
"154","Daves","T2","1","13","128",12,67.724907,18.197609,20.873556,3.72163766129935,0,5.78385,8.849915,29.4044354529619,6.6699316936951,4.40850623414285
"155","Daves","T2","50","13","129",15,70.967018,18.667913,22.744925,3.80155071431927,0,8.769502,8.098215,26.5509187035609,5.82834358208435,4.55548275931696
"156","Daves","T2","31","13","130",6,15.945302,5.185292,3.897521,3.07510203861229,0,0.786864,9.212535,32.8587360786967,8.04908212594432,4.0822960387973
"157","Daves","T2","44","14","131",4,50.435844,15.656557,12.240289,3.22138794627708,0,1.693391,9.347461,30.2799514343061,6.93785997954558,4.36445121746165
"158","Daves","T2","13","14","134",3,25.7377,7.678433,8.486259,3.35194694021554,0,1.563625,7.383592,23.8695935623624,5.59941405640383,4.26287345817259
"159","Daves","T2","41","14","135",0,12.975348,4.059011,4.546726,3.19667722014057,0,NA,6.942979,18.4478473091233,3.40072155783912,5.4246862012559
"160","Daves","T2","7","14","136",0,29.598276,12.469373,3.731683,2.37367797081698,5,NA,7.428431,29.7453086864906,8.29250208455692,3.58701250638033
"161","Daves","T2","3","14","137",3,30.091993,10.462178,7.572367,2.87626467452571,5,NA,8.584842,25.6897789503459,5.80487139696265,4.42555522656158
"162","Daves","T2","36","14","138",0,22.463324,7.5886,2.222596,2.96014073742192,5,-10.315275,7.994432,28.9114190143943,6.76355873127702,4.27458682079568
"163","Daves","T2","31","14","139",10,94.335335,22.11263,35.275319,4.26612913072755,0,21.20585,10.415485,34.2416814897365,8.18917876667028,4.18133276429368
"164","Daves","T2","50","14","140",1,22.722662,7.90133,5.529395,2.87580217507685,5,-4.663279,8.126271,22.0407306389705,4.17314577013915,5.28156260360766
"165","Daves","T2","7","15","141",2,47.667347,15.32898,10.943206,3.10962288423626,0,3.179542,8.732853,33.9983081005932,9.97207316385474,3.40935205167017
"166","Daves","T2","44","15","142",0,19.891045,7.313998,4.119504,2.71958578605026,5,NA,7.057614,23.2313508904795,5.45903975390716,4.25557459512037
"167","Daves","T2","62","15","144",9,68.658203,20.205625,20.811176,3.39797472238547,0,9.902143,9.593583,31.8474125062054,28.1708046864491,1.13051128147308
"168","Daves","T2","50","15","145",10,67.488205,18.044252,23.846155,3.74014977179436,0,10.572976,7.516004,23.8861836264173,4.20394166209065,5.68185420882803
"169","Daves","T2","1","15","146",2,26.51804,6.034437,7.896296,4.39445137963989,0,2.368173,7.809601,20.4771100944572,3.95038997452432,5.18356674316006
"170","Daves","T2","41","15","148",0,11.151465,3.49453,4.65668,3.19112012201927,0,0.420051,8.417048,21.6780972972862,3.78611635611142,5.72568174305952
"171","Daves","T2","3","15","149",0,27.050751,9.289076,4.584079,2.91210352891935,5,-1.466832,7.706176,23.9692149243237,5.29347834748937,4.5280651682824
"172","Daves","T2","36","15","150",0,20.080544,6.990843,4.832816,2.87240666111369,0,1.07028,7.11911,21.3513184518196,4.84434929323878,4.40746881766339
"173","Daves","T2","13","16","151",8,40.411621,9.383503,16.953665,4.30666681728561,0,8.065133,7.271248,20.0336145147729,3.68606727532241,5.43495628766585
"174","Daves","T2","1","16","152",10,39.561634,13.280359,15.477038,2.97895817424815,0,7.387298,7.226232,18.2262485448389,3.46126175171988,5.26578162884746
"175","Daves","T2","3","16","153",22,99.452744,27.420685,37.748606,3.62692412680427,0,NA,10.190786,37.5825130982806,9.77513165820056,3.84470658937385
"176","Daves","T2","44","16","156",13,114.411819,34.606972,33.690449,3.30603379573341,0,15.67578,10.789007,43.8089842751163,11.4986498227557,3.80992420418082
"177","Daves","T2","31","16","157",15,76.975403,20.477802,29.298696,3.75896802791628,0,16.067269,8.172715,26.0785152143275,5.36824648191581,4.85792060818725
"178","Daves","T2","36","16","158",7,61.917114,19.287554,17.688318,3.21021079189201,0,5.780049,8.523751,33.98749352478,8.49412230277186,4.00129552098502
"179","Daves","T2","62","16","159",6,54.570412,16.524605,15.380958,3.30237315808759,0,7.664434,8.553196,28.2848362501099,6.63774255767722,4.2612132067996
"180","Daves","T2","1","17","162",8,65.540253,20.595974,18.186584,3.1821875964691,0,6.077736,8.212301,24.9453534558294,5.465827456103,4.56387503194527
"181","Daves","T2","13","17","163",7,18.827835,4.33829,8.24519,4.33992079828688,0,5.775651,8.219562,23.5962309895843,4.65499617552356,5.06901189600448
"182","Daves","T2","41","17","164",3,20.282494,7.987094,5.661668,2.53940845068306,0,-8.716883,8.328667,25.2655222519387,5.38210737413127,4.6943549237564
"183","Daves","T2","7","17","165",3,50.779396,16.831638,13.611031,3.01690162300306,0,4.61396,8.608008,31.2131074590415,8.18283684670314,3.814460442483
"184","Daves","T2","31","17","166",1,20.40221,6.221243,7.288333,3.27944270943925,0,0.646774,7.948332,21.8192731357948,4.27125349535006,5.10840041677428
"185","Daves","T2","50","17","167",3,28.554565,9.752631,8.176897,2.92788325529798,0,2.996942,7.971973,22.9214745539413,4.73152155248589,4.8444193479154
"186","Daves","T2","36","17","168",4,65.740906,24.642177,14.968253,2.66782054199189,1,3.42816,9.085603,30.5791083671139,7.37787616338586,4.14470339294506
"187","Daves","T2","62","17","169",5,52.873638,17.247844,16.315733,3.06552158055233,0,7.085673,7.863658,27.504534690598,6.83732614844756,4.0227033336479
"188","Daves","T2","44","17","170",9,59.350796,17.708214,18.806071,3.35159694817332,0,9.101,8.727191,27.8429312918514,6.62555784936509,4.20235275653348
"189","Daves","T2","31","18","172",8,18.845869,5.259019,11.911774,3.58353316464535,0,8.41888,9.350462,28.8263309952607,5.84170761856998,4.93457271014827
"190","Daves","T2","41","18","173",4,23.26399,4.728506,11.300874,4.91994511585689,0,0.864598999999998,7.699077,22.4864240301142,4.54077441733744,4.95211212084381
"191","Daves","T2","36","18","174",6,44.346626,12.594452,15.213403,3.52112390439854,0,4.580574,8.970528,31.268821974591,7.98593482498237,3.91548674762193
"192","Daves","T2","3","18","175",5,51.703407,15.604707,16.456119,3.31332123057485,0,7.29329,8.098509,28.9306519772093,7.49823266654212,3.8583294575935
"193","Daves","T2","50","18","176",7,30.136803,8.180342,12.863738,3.6840517181311,0,7.020643,7.948463,25.0260022927802,5.61127625077701,4.4599483565463
"194","Daves","T2","62","18","178",2,42.629303,11.956681,12.313828,3.5653123973116,0,2.356538,7.560893,23.2986946011511,5.13196235817193,4.53991923071128
"195","Daves","T2","44","18","180",4,34.884834,9.982869,12.817006,3.49446977617356,0,NA,7.023495,19.4630208722917,3.99993334356,4.86583630290432
"196","Daves","T2","62","19","181",0,21.617184,7.496063,4.151041,2.88380500537415,5,-10.955099,8.396349,25.8293458470191,5.69171717381186,4.53805856093173
"197","Daves","T2","31","19","182",11,68.16761,18.510569,26.466306,3.68263179808249,0,11.911072,10.151221,32.6167345227096,7.55497240912098,4.31725395625958
"198","Daves","T2","36","19","184",4,51.134235,16.485195,14.888178,3.10182773088216,0,4.74009,8.847122,30.9334308256169,7.91730065484616,3.90706784725708
"199","Daves","T2","3","19","186",3,30.938227,11.121921,7.877058,2.78173410870298,0,4.710729,7.487703,20.6794887369666,4.23195089326332,4.88651434256608
"200","Daves","T2","50","19","188",3,17.785343,6.314398,5.75639,2.81663319290295,5,-6.139422,8.2502,26.9033163418588,5.94923779828174,4.52214506362967
"201","Daves","T2","7","19","189",0,24.932856,9.081117,5.085651,2.74557149742702,0,0.594196,6.692168,19.6128339151408,4.02492373675144,4.87284609545683
"202","Daves","T2","13","19","190",3,17.915258,26.578363,7.862903,0.674054229750719,0,3.122164,7.277697,18.8884416264408,3.39980486466943,5.5557428671064
"203","Daves","T2","36","20","191",6,74.760414,25.569857,20.277593,2.92377129836901,0,7.53106000000001,10.568982,36.6995637165455,8.68182760827427,4.22717028861167
"204","Daves","T2","31","20","192",9,58.912815,15.978183,21.830731,3.68707849947644,0,10.886019,8.828995,26.3576748793754,5.61612385585564,4.69321467187617
"205","Daves","T2","1","20","193",9,41.881248,11.711742,13.986484,3.5760050042086,0,6.150555,6.505289,18.8208496480611,4.02519524086114,4.67576068286183
"206","Daves","T2","3","20","197",1,30.078642,7.843593,8.400351,3.83480402412517,2,-0.494776,8.128202,23.8231757614086,4.70490178290754,5.06347993234543
"207","Daves","T2","50","20","198",3,26.543949,10.593328,6.232456,2.50572331943276,0,3.525163,9.018113,30.2203986517411,6.69552880656428,4.51351932383789
"208","Daves","T2","13","20","199",9,61.500721,15.088989,22.65005,4.07586757469304,0,8.896587,9.327672,29.8078440649043,6.27761672700754,4.74827396465049
"209","Daves","T2","7","20","200",4,44.868423,14.618066,12.619727,3.06938161313542,0,3.053521,7.380193,24.4970518937503,6.02454902033764,4.06620509038159
"210","Looe","T2","1","1","7",1,20.430603,5.824276,5.126235,3.50783565201924,0,1.587423,6.418923,16.6182386777574,3.60207149470096,4.61352271941427
"211","Looe","T2","44","1","8",0,9.961702,2.824832,3.870553,3.52647591077983,0,-5.216207,9.755547,32.930587926239,7.89758823205133,4.16970180752074
"212","Looe","T2","36","1","9",8,60.739243,20.512135,17.999576,2.96113705374892,0,7.572397,8.978914,39.5794758223108,11.2781195691377,3.50940381325794
"213","Looe","T2","3","1","10",0,12.377607,4.770943,3.377026,2.59437327169912,0,-0.166814,6.081557,16.3260820684867,3.43354609683336,4.75487487514546
"214","Looe","T2","31","2","13",5,42.340969,10.875709,16.636693,3.89316862008721,1,6.917599,7.499077,23.0373037969593,5.34791981492587,4.30771301631393
"215","Looe","T2","50","2","14",4,25.958935,6.542173,8.211527,3.96793771733031,0,3.375351,8.623048,28.2963066681588,5.74704857481806,4.92362406542817
"216","Looe","T2","41","2","15",2,28.895887,9.608,9.334894,3.00748199417152,0,NA,8.723368,26.6698742420169,5.90036201803937,4.52004032303072
"217","Looe","T2","3","2","17",6,51.943336,13.978547,18.446613,3.71593242130244,0,8.701182,8.186712,25.1183676880221,5.11935164940668,4.9065525105964
"218","Looe","T2","7","2","18",3,55.038883,22.259438,13.463787,2.47260883226252,1,1.679764,8.401778,36.1738853884279,11.3541404165822,3.18596424398605
"219","Looe","T2","36","2","19",3,46.778488,14.5315,12.784384,3.21910938306438,0,1.564647,10.431457,42.2135108036163,9.45777240418876,4.46336716507582
"220","Looe","T2","3","3","21",5,41.15789,11.750795,11.865313,3.5025621670704,0,NA,7.282414,25.6769660573586,6.6013738472966,3.88963974035099
"221","Looe","T2","50","3","24",4,33.91573,12.592319,9.558832,2.69336648793602,0,4.490322,8.571006,27.1686084319059,6.38178125765401,4.257213986976
"222","Looe","T2","31","3","27",6,44.679241,11.203068,14.997594,3.98812548491181,1,5.685271,7.555062,20.0935818718479,3.87412373621288,5.18661334536779
"223","Looe","T2","1","3","29",5,39.602345,12.95707,12.289517,3.05642749479628,0,4.192458,7.14955,20.569193177109,4.44066274941443,4.63200975571076
"224","Looe","T2","36","3","30",4,71.952621,23.265945,18.74925,3.0926154514678,1,5.967882,10.165267,32.3393480998902,7.59521854725886,4.2578561628831
"225","Looe","T2","41","4","31",2,11.805236,2.747195,4.976009,4.29719623106478,0,1.71735,9.481329,25.7426814630113,4.79130486548354,5.37279137640792
"226","Looe","T2","50","4","32",3,17.329813,4.792838,7.204496,3.61577274257966,0,3.746616,8.316473,24.7531848746972,4.95485645250385,4.99574207890294
"227","Looe","T2","13","4","33",0,10.391867,2.413172,4.588218,4.30631011796921,0,NA,7.309912,22.392336073995,5.0183452391533,4.46209557271772
"228","Looe","T2","44","4","34",9,64.214607,16.624434,22.025847,3.86266425671996,0,10.744825,8.729765,29.2589753717227,6.96643615279759,4.19999189398626
"229","Looe","T2","36","4","35",0,8.84881,3.520137,3.07943,2.51376864025463,0,0.130537,8.733731,26.0720226175571,5.65220144785539,4.61271999203949
"230","Looe","T2","62","4","36",6,61.777515,20.337469,18.362017,3.0376206105096,0,8.036144,9.054286,31.2221568016546,7.88735549819184,3.95850761498099
"231","Looe","T2","1","4","40",0,15.449011,5.106386,3.812825,3.02542953078753,0,0.452345,8.239419,26.2306148438811,5.69472068566005,4.60612842872746
"232","Looe","T2","31","5","41",6,57.046818,15.351737,19.161261,3.71598458207042,0,7.205418,8.032514,20.2922105099042,3.88074492938708,5.22894724573129
"233","Looe","T2","44","5","42",7,76.865707,21.901602,22.533709,3.50959290557832,0,10.863033,9.608008,30.8752489841031,7.31096867084583,4.22314064991487
"234","Looe","T2","50","5","43",5,52.005932,15.469425,15.609991,3.36185294540683,0,6.01375,9.033994,27.3280115780706,5.87915590202308,4.64828829741813
"235","Looe","T2","62","5","44",11,86.026634,25.924826,27.948348,3.31831095028372,0,NA,9.342276,31.8537681010494,7.8034732864261,4.08199873721078
"236","Looe","T2","36","5","45",6,70.905319,22.159532,18.584328,3.19976608711772,0,5.080776,10.082263,36.2926848018791,9.56812106969615,3.79308377658641
"237","Looe","T2","13","5","47",3,28.143629,7.63969,10.415674,3.68387054972126,0,2.066666,7.899937,23.6974944704524,5.14571875691691,4.60528365227852
"238","Looe","T2","1","5","48",5,46.218544,12.897208,14.717333,3.58360848332445,0,NA,7.014389,18.593882478713,3.64450657578081,5.1018929701696
"239","Looe","T2","41","5","49",7,50.417301,12.434993,17.864461,4.05446959238337,0,4.148482,9.559787,27.2416280566496,5.67828564540873,4.79750927618026
"240","Looe","T2","3","5","50",5,40.712917,9.314672,14.548225,4.37083742723308,5,4.102414,7.707844,20.7692846624078,4.14091045031751,5.01563241021435
"241","Looe","T2","41","6","52",8,49.312901,11.632736,19.424717,4.23914898438338,0,7.986335,8.233462,19.0842916892436,3.26581485853648,5.84365388606134
"242","Looe","T2","13","6","53",11,69.063248,18.718943,25.421558,3.68948439022438,0,10.957517,8.024495,23.8971180537356,5.28983647593163,4.51755326699903
"243","Looe","T2","44","6","55",7,36.606644,12.776649,12.086563,2.86512089359268,0,7.305444,10.572797,30.6457253044563,5.9915776937593,5.1148006202734
"244","Looe","T2","7","6","56",4,31.929022,9.660095,10.33502,3.30524927549884,0,2.626643,6.512749,21.8217135451146,5.02342508338408,4.34399103856332
"245","Looe","T2","36","6","57",5,67.133377,19.798294,17.972891,3.3908667585197,0,4.983454,10.124927,34.5572948165268,7.99713843643761,4.32120752831692
"246","Looe","T2","31","6","58",3,8.113086,2.552066,3.550054,3.17902671796106,0,0.938502,7.813678,24.654536659679,5.22683057775462,4.71691903782162
"247","Looe","T2","3","6","59",6,47.254837,14.460211,13.662565,3.26792167832129,0,5.072304,6.706171,17.1033685617693,3.09149339758149,5.53239692348993
"248","Looe","T2","1","6","60",9,55.624252,16.267084,18.727738,3.41943596037249,0,9.782119,7.806027,23.8331729613347,5.31921476250637,4.48058106796664
"249","Looe","T2","44","7","61",9,85.85009,29.529495,26.19104,2.90726576936043,0,15.342545,8.805228,29.7395498165956,6.85263675989234,4.3398695799342
"250","Looe","T2","13","7","62",5,47.701248,13.396139,16.616394,3.56082062152386,0,5.090924,6.775881,20.6740965276247,4.59931599018905,4.49503721243012
"251","Looe","T2","50","7","63",4,27.446159,7.925541,10.039709,3.46300132697566,0,4.521449,8.363528,26.6654064621283,5.73155532654171,4.65238577365659
"252","Looe","T2","1","7","64",10,48.345844,10.448812,17.496612,4.62692256306267,0,8.437374,6.846406,21.3633449160519,5.08744079477169,4.19923214399013
"253","Looe","T2","36","7","65",4,27.140404,10.648322,8.89479,2.54879632678275,0,NA,9.416637,33.4471561033456,8.01818756369733,4.17141103742434
"254","Looe","T2","7","7","66",3,45.620998,14.855828,11.889965,3.07091587220854,0,4.528066,6.701969,20.7261991003516,4.95306054077341,4.18452367576256
"255","Looe","T2","41","7","68",5,45.779972,12.340124,17.512076,3.70984699991669,0,7.02138,8.512565,26.8170960078179,5.96030737984449,4.49928070798886
"256","Looe","T2","3","7","69",10,87.920616,26.546839,28.79399,3.31190527052957,0,18.388642,8.235332,23.7029672870463,5.1338940831419,4.61695681741456
"257","Looe","T2","62","8","73",7,41.94553,11.716337,15.302399,3.58008906708641,0,2.552714,8.89148,27.5717484947439,6.13091785126947,4.4971648884571
"258","Looe","T2","31","8","75",4,27.268524,6.34478,11.786457,4.2977887334155,0,3.790892,6.482586,21.8304954994045,4.88924590251976,4.46500256576454
"259","Looe","T2","36","8","77",0,6.219167,2.543643,2.200711,2.44498422144932,0,-1.161666,9.617987,37.2193708291076,8.47005249965238,4.39423142071848
"260","Looe","T2","41","8","80",5,43.864468,10.36498,16.448793,4.23198771247026,0,4.755016,9.64374,29.6506949699016,6.11702777683772,4.84723889634353
"261","Looe","T2","62","9","82",0,13.564935,4.681876,4.539847,2.89732897667516,0,0.395513,8.779782,30.0785935815889,7.2896886292684,4.126183587708
"262","Looe","T2","13","9","83",3,17.936218,5.644423,6.827451,3.17768849003698,0,3.111359,7.924602,22.9870435137453,4.72142343525853,4.86866806778719
"263","Looe","T2","1","9","85",3,26.858564,9.279202,8.619951,2.89449071159352,0,2.45069,9.584589,27.2595020144296,5.65564077982037,4.81987860892668
"264","Looe","T2","31","9","86",1,15.846017,5.614431,5.023947,2.82237273910749,0,1.530583,7.261439,17.4892855211077,2.76491838187636,6.32542560234232
"265","Looe","T2","36","9","87",4,58.307602,17.895742,13.456817,3.25818298006308,0,3.301098,10.75372,35.7340346986969,8.63039663498361,4.14048579805102
"266","Looe","T2","41","9","90",0,7.648777,2.400307,2.400307,3.18658279961688,0,-0.344387,9.866615,28.945737730506,5.8352315965764,4.96051223527937
"267","Looe","T2","62","10","91",9,82.859901,28.871357,23.813466,2.86996904925529,0,10.060951,10.745427,37.4455632099027,8.77939015756466,4.26516677558044
"268","Looe","T2","1","10","93",0,23.663908,8.173213,5.563061,2.89530053847856,0,1.204962,6.595071,17.9564525096732,3.79666072163348,4.72953835652389
"269","Looe","T2","3","10","94",4,28.103928,10.319827,8.518585,2.72329448933592,0,4.919462,6.601647,19.3164723074902,3.86328074582861,5.00001775132373
"270","Looe","T2","41","10","95",2,18.764751,5.418597,6.960006,3.46302760659263,0,2.444631,9.511276,27.8735093827533,5.35477415384437,5.20535667461193
"271","Looe","T2","7","10","96",3,37.229851,12.379319,10.910805,3.00742318701053,0,3.688863,7.132475,21.9416041656352,4.63679293639512,4.73206469786716
"272","Looe","T2","13","10","97",7,42.157932,12.693629,16.116438,3.32118829059838,0,5.451258,7.748622,24.0545807292827,5.15306750837423,4.66801195408204
"273","Looe","T2","36","10","99",0,17.46353,6.879683,3.206658,2.53842073828111,5,-12.999637,10.0802,34.0877717850934,8.07464735644331,4.22158024745098
"274","Looe","T2","50","10","100",10,83.099945,22.250244,30.626826,3.73478803198743,0,16.873711,8.94447,27.0625731138853,5.53324787479371,4.890902002993
"275","Daves","T1","31","11","101",6,47.63625,12.475038,16.127855,3.81852544256779,0,6.153908,9.973947,30.0083273198635,6.8979917473096,4.35029910431069
"276","Daves","T1","1","11","102",0,27.533243,6.663877,8.91404,4.13171536629503,0,0.563029,8.351011,22.9606301329214,4.75752476417912,4.8261714380972
"277","Daves","T1","50","11","104",4,43.733776,12.359119,13.093211,3.538583615871,0,4.724238,8.368973,24.5353921686867,5.26948328471965,4.65612866442408
"278","Daves","T1","41","11","105",0,2.864377,0.411392,1.003787,6.96264633245177,5,-6.427415,7.431202,9.74866071992688,3.51542136052536,2.77311301268022
"279","Daves","T1","7","11","106",0,24.609592,6.755872,5.896895,3.64269660526428,0,-3.656907,9.553802,34.4990441074236,9.33247431718544,3.69666638609385
"280","Daves","T1","3","11","107",1,23.041569,7.56591,5.338112,3.04544582211525,0,-2.136966,7.475078,20.5802972503586,4.18443849203534,4.91829364669385
"281","Daves","T1","44","11","108",0,7.742584,2.698469,7.742584,2.86925067510503,5,-0.231327,7.973911,20.5500941399539,3.95332899561469,5.19817454169626
"282","Daves","T1","13","11","109",0,6.671021,2.008265,2.039905,3.32178323079872,5,-7.390146,9.430051,27.8597128742587,6.04770577855314,4.60665811042876
"283","Daves","T1","36","11","110",1,13.69286,4.374237,3.74251,3.13034250316112,1,-4.779865,8.522375,31.0125342872708,8.06888562325063,3.84347179217756
"284","Daves","T1","7","12","111",0,46.335011,16.257368,9.755496,2.85009301628652,0,1.398862,8.356634,34.0759634502606,10.3303997036779,3.29861035658947
"285","Daves","T1","1","12","113",2,27.707504,7.997316,9.745181,3.46460037342528,0,1.974749,7.770432,22.4773807334876,4.91972201116134,4.56883146700024
"286","Daves","T1","44","12","114",1,21.901802,8.347831,6.420798,2.62365182045492,5,-1.648269,8.069067,27.848955960527,3.03467540710448,9.17691424108482
"287","Daves","T1","31","12","116",2,41.921684,11.699619,12.179234,3.58316659713449,0,4.630706,7.548528,23.3538523055691,4.86459893057916,4.80077651597656
"288","Daves","T1","3","12","117",0,18.866196,6.543107,4.640768,2.88336962852663,5,-2.63981,7.280578,22.0372753310957,4.77719297890572,4.61301760854209
"289","Daves","T1","36","12","118",0,12.516261,4.561083,3.260796,2.7441423451404,5,-5.264172,8.524968,25.2819778429058,5.62479525434043,4.49473744371348
"290","Daves","T1","50","12","119",0,25.115618,7.326747,7.215733,3.42793575375265,0,-0.200672,7.416405,20.2484216960386,4.03210971525232,5.02179333549497
"291","Daves","T1","13","12","120",2,26.015499,6.974475,9.628541,3.73010140548213,0,1.80368,7.824861,19.9860975372938,3.74922701844874,5.33072482379665
"292","Daves","T1","7","13","121",0,27.904669,6.323274,8.165964,4.41300962128163,0,1.334614,6.83135,21.6401670574162,4.81357589747307,4.49565302767458
"293","Daves","T1","36","13","122",0,30.509651,10.504577,6.74075,2.90441499929031,5,-2.224948,8.965698,32.5235251449308,8.38453303344351,3.87899063850112
"294","Daves","T1","3","13","123",0,10.72558,3.332844,3.712065,3.21814642389503,0,-4.400366,8.112431,24.6831283229792,5.54590563719848,4.45069388801355
"295","Daves","T1","41","13","124",1,17.218639,17.218639,5.161519,1,0,-3.401297,8.562816,24.2310419226689,4.70079960046724,5.15466388319562
"296","Daves","T1","44","13","125",2,46.097771,13.900194,12.301296,3.31634011726743,0,3.263339,9.037957,24.4596047853133,4.82673074662361,5.06753039879492
"297","Daves","T1","62","13","126",3,43.92664,14.160964,11.723259,3.10195266367459,0,4.2429,7.480359,22.178668938838,4.65453222554993,4.7649619476461
"298","Daves","T1","13","13","127",0,6.747782,2.033679,3.333575,3.31801724854316,5,-4.363012,7.696587,20.9653787519652,3.92822678526929,5.33711007485226
"299","Daves","T1","1","13","128",4,48.735645,13.439467,15.089706,3.62630787366791,0,6.239791,8.849915,29.4044354529619,6.6699316936951,4.40850623414285
"300","Daves","T1","50","13","129",6,46.403015,13.090245,13.975423,3.54485458446347,0,5.877208,8.098215,26.5509187035609,5.82834358208435,4.55548275931696
"301","Daves","T1","31","13","130",0,12.495801,3.611382,3.110657,3.46011609959844,5,-6.101878,9.212535,32.8587360786967,8.04908212594432,4.0822960387973
"302","Daves","T1","44","14","131",0,38.92141,11.532526,10.546898,3.37492497307181,0,1.199437,9.347461,30.2799514343061,6.93785997954558,4.36445121746165
"303","Daves","T1","13","14","134",3,21.184481,6.43038,6.922634,3.29443687620327,1,-0.460958,7.383592,23.8695935623624,5.59941405640383,4.26287345817259
"304","Daves","T1","36","14","138",2,53.513031,16.121073,12.537871,3.31944598228666,0,4.543439,7.994432,28.9114190143943,6.76355873127702,4.27458682079568
"305","Daves","T1","31","14","139",5,45.057606,12.159379,14.069469,3.70558447104906,0,3.653984,10.415485,34.2416814897365,8.18917876667028,4.18133276429368
"306","Daves","T1","50","14","140",2,36.581726,11.639806,10.192674,3.1428123458415,0,2.066403,8.126271,22.0407306389705,4.17314577013915,5.28156260360766
"307","Daves","T1","7","15","141",0,33.466732,10.848815,7.763664,3.08482834300336,0,-0.969189,8.732853,33.9983081005932,9.97207316385474,3.40935205167017
"308","Daves","T1","62","15","144",2,45.202473,14.635053,10.909033,3.08864429804251,0,1.31545,9.593583,31.8474125062054,28.1708046864491,1.13051128147308
"309","Daves","T1","50","15","145",4,38.948689,10.217075,13.273179,3.81211736235664,0,5.757175,7.516004,23.8861836264173,4.20394166209065,5.68185420882803
"310","Daves","T1","1","15","146",0,16.291641,2.783606,5.528123,5.85271083623185,0,-2.281478,7.809601,20.4771100944572,3.95038997452432,5.18356674316006
"311","Daves","T1","41","15","148",0,11.193262,3.1569,4.236629,3.54564984636827,5,-4.180419,8.417048,21.6780972972862,3.78611635611142,5.72568174305952
"312","Daves","T1","3","15","149",0,22.663456,7.013898,6.050911,3.23122121251264,0,-1.655265,7.706176,23.9692149243237,5.29347834748937,4.5280651682824
"313","Daves","T1","36","15","150",0,13.656547,3.902649,3.762536,3.49930188443798,5,-3.356574,7.11911,21.3513184518196,4.84434929323878,4.40746881766339
"314","Daves","T1","13","16","151",1,26.541428,6.277207,8.888532,4.22822251998381,0,1.617284,7.271248,20.0336145147729,3.68606727532241,5.43495628766585
"315","Daves","T1","1","16","152",0,24.402451,6.772609,8.08974,3.60310937778927,0,0.863508,7.226232,18.2262485448389,3.46126175171988,5.26578162884746
"316","Daves","T1","41","16","155",0,5.376648,1.282656,2.157329,4.19180824788564,5,-5.019661,7.17699,19.5709216072948,3.63517784542585,5.38375904549511
"317","Daves","T1","44","16","156",5,67.014893,23.394907,18.014669,2.86450777513243,0,7.225662,10.789007,43.8089842751163,11.4986498227557,3.80992420418082
"318","Daves","T1","31","16","157",4,39.900803,10.759753,13.231427,3.70833819326522,0,5.058712,8.172715,26.0785152143275,5.36824648191581,4.85792060818725
"319","Daves","T1","36","16","158",3,42.533524,11.917057,11.908269,3.56912986150859,0,3.384518,8.523751,33.98749352478,8.49412230277186,4.00129552098502
"320","Daves","T1","62","16","159",2,29.787769,8.555942,7.716524,3.48153002907219,0,-0.836672,8.553196,28.2848362501099,6.63774255767722,4.2612132067996
"321","Daves","T1","1","17","162",3,39.639328,10.565591,12.108848,3.75173788196041,0,3.896547,8.212301,24.9453534558294,5.465827456103,4.56387503194527
"322","Daves","T1","13","17","163",0,9.016335,2.123872,2.469539,4.24523464690904,5,-5.750023,8.219562,23.5962309895843,4.65499617552356,5.06901189600448
"323","Daves","T1","41","17","164",5,38.443035,11.415063,14.378551,3.36774619640733,0,6.049884,8.328667,25.2655222519387,5.38210737413127,4.6943549237564
"324","Daves","T1","7","17","165",0,36.166626,11.356628,8.997071,3.18462716221752,0,0.389062999999998,8.608008,31.2131074590415,8.18283684670314,3.814460442483
"325","Daves","T1","31","17","166",0,21.251085,6.71424,6.641559,3.16507676222476,0,-1.306773,7.948332,21.8192731357948,4.27125349535006,5.10840041677428
"326","Daves","T1","50","17","167",0,15.857354,5.532254,5.179955,2.86634597760696,5,-2.792018,7.971973,22.9214745539413,4.73152155248589,4.8444193479154
"327","Daves","T1","36","17","168",1,49.227043,15.914198,11.540093,3.09327827893055,0,2.45449,9.085603,30.5791083671139,7.37787616338586,4.14470339294506
"328","Daves","T1","62","17","169",1,29.212715,8.361596,9.23006,3.49367692483588,0,1.366402,7.863658,27.504534690598,6.83732614844756,4.0227033336479
"329","Daves","T1","44","17","170",1,32.545475,10.614999,9.705071,3.0659894551097,0,0.977880000000001,8.727191,27.8429312918514,6.62555784936509,4.20235275653348
"330","Daves","T1","31","18","172",0,9.109948,3.300032,3.492894,2.76056353392937,5,-5.857568,9.350462,28.8263309952607,5.84170761856998,4.93457271014827
"331","Daves","T1","41","18","173",2,28.753035,7.224271,10.436275,3.98006041024762,0,2.737198,7.699077,22.4864240301142,4.54077441733744,4.95211212084381
"332","Daves","T1","36","18","174",0,48.729031,16.662611,10.632829,2.92445349651384,0,1.662301,8.970528,31.268821974591,7.98593482498237,3.91548674762193
"333","Daves","T1","3","18","175",0,33.051388,11.518316,9.162829,2.86946355699913,0,1.06432,8.098509,28.9306519772093,7.49823266654212,3.8583294575935
"334","Daves","T1","50","18","176",0,22.757982,7.100817,5.843095,3.20498077897234,5,-2.105368,7.948463,25.0260022927802,5.61127625077701,4.4599483565463
"335","Daves","T1","62","18","178",2,30.923216,9.1494,9.95729,3.37980807484644,0,2.396397,7.560893,23.2986946011511,5.13196235817193,4.53991923071128
"336","Daves","T1","62","19","181",6,44.4189,11.665718,15.10614,3.8076439015584,0,6.709791,8.396349,25.8293458470191,5.69171717381186,4.53805856093173
"337","Daves","T1","31","19","182",5,46.88958,12.634087,14.555234,3.71135484503154,0,4.404013,10.151221,32.6167345227096,7.55497240912098,4.31725395625958
"338","Daves","T1","41","19","183",2,30.837639,8.111876,8.875167,3.80154220799233,0,1.854111,7.021056,21.9213138242854,4.75817411995842,4.60708525405475
"339","Daves","T1","36","19","184",0,40.214859,10.955915,10.148088,3.67060706476821,0,1.300966,8.847122,30.9334308256169,7.91730065484616,3.90706784725708
"340","Daves","T1","1","19","185",0,18.381779,5.783737,5.062773,3.17818375904714,0,-2.784909,7.847682,22.9000814757767,5.08791348003416,4.50087871298136
"341","Daves","T1","3","19","186",0,13.856845,3.793151,3.166329,3.65312243040153,5,-4.321374,7.487703,20.6794887369666,4.23195089326332,4.88651434256608
"342","Daves","T1","50","19","188",4,36.467064,10.053769,11.895812,3.62720329062663,0,3.645612,8.2502,26.9033163418588,5.94923779828174,4.52214506362967
"343","Daves","T1","7","19","189",0,14.582355,5.318908,4.491455,2.74160692382722,5,-2.200713,6.692168,19.6128339151408,4.02492373675144,4.87284609545683
"344","Daves","T1","13","19","190",0,11.745921,3.377893,4.740739,3.47729220552575,5,-2.536958,7.277697,18.8884416264408,3.39980486466943,5.5557428671064
"345","Daves","T1","36","20","191",0,57.279846,16.266992,12.746533,3.52123158356505,0,2.177551,10.568982,36.6995637165455,8.68182760827427,4.22717028861167
"346","Daves","T1","31","20","192",2,36.022923,9.99266,10.944712,3.60493832473035,0,2.115717,8.828995,26.3576748793754,5.61612385585564,4.69321467187617
"347","Daves","T1","1","20","193",0,30.415649,7.548234,7.835929,4.02950531210347,0,1.33064,6.505289,18.8208496480611,4.02519524086114,4.67576068286183
"348","Daves","T1","3","20","197",1,29.770573,6.684167,8.895127,4.45389425488621,0,0.766925,8.128202,23.8231757614086,4.70490178290754,5.06347993234543
"349","Daves","T1","50","20","198",0,14.667831,4.398061,2.707293,3.33506765822484,5,-6.31082,9.018113,30.2203986517411,6.69552880656428,4.51351932383789
"350","Daves","T1","13","20","199",4,42.101017,10.305994,13.753463,4.08510008835635,0,4.425791,9.327672,29.8078440649043,6.27761672700754,4.74827396465049
"351","Daves","T1","7","20","200",1,35.743416,10.543445,9.566206,3.390107882196,0,2.186013,7.380193,24.4970518937503,6.02454902033764,4.06620509038159
"352","Looe","T1","1","1","7",0,10.80739,2.539223,3.538812,4.25617994165932,0,-2.880111,6.418923,16.6182386777574,3.60207149470096,4.61352271941427
"353","Looe","T1","44","1","8",0,37.006336,11.20496,9.08676,3.30267452985107,0,-0.668787,9.755547,32.930587926239,7.89758823205133,4.16970180752074
"354","Looe","T1","36","1","9",1,47.086426,15.693013,10.427179,3.0004707190391,0,1.448265,8.978914,39.5794758223108,11.2781195691377,3.50940381325794
"355","Looe","T1","3","1","10",0,11.461655,4.182313,3.54384,2.74050627009504,5,-2.537717,6.081557,16.3260820684867,3.43354609683336,4.75487487514546
"356","Looe","T1","31","2","13",2,31.779095,9.311156,9.719094,3.41301284179966,0,2.220017,7.499077,23.0373037969593,5.34791981492587,4.30771301631393
"357","Looe","T1","50","2","14",0,18.257015,6.348895,4.836176,2.8756208757587,0,-3.786872,8.623048,28.2963066681588,5.74704857481806,4.92362406542817
"358","Looe","T1","3","2","17",2,34.959736,8.75993,9.745431,3.99086933343075,0,1.558719,8.186712,25.1183676880221,5.11935164940668,4.9065525105964
"359","Looe","T1","7","2","18",3,48.566368,18.294244,11.784023,2.65473489913002,0,3.382245,8.401778,36.1738853884279,11.3541404165822,3.18596424398605
"360","Looe","T1","36","2","19",2,46.525528,13.473049,11.219737,3.45322933212816,0,0.78828,10.431457,42.2135108036163,9.45777240418876,4.46336716507582
"361","Looe","T1","13","3","22",0,5.071473,1.302356,2.330717,3.89407581337207,5,-4.011387,6.342104,17.7303846858281,3.70331688577662,4.78770389699176
"362","Looe","T1","50","3","24",0,18.370447,6.84569,5.06851,2.683505534139,5,-3.502496,8.571006,27.1686084319059,6.38178125765401,4.257213986976
"363","Looe","T1","31","3","27",4,23.983887,5.742511,9.312323,4.17655046720851,0,1.757261,7.555062,20.0935818718479,3.87412373621288,5.18661334536779
"364","Looe","T1","1","3","29",0,27.146021,7.548593,8.097059,3.59616964379984,0,0.947509,7.14955,20.569193177109,4.44066274941443,4.63200975571076
"365","Looe","T1","36","3","30",2,46.83419,14.004825,12.781368,3.34414674942386,0,2.616101,10.165267,32.3393480998902,7.59521854725886,4.2578561628831
"366","Looe","T1","41","4","31",0,9.267052,2.584831,3.258659,3.58516746355951,5,-6.22267,9.481329,25.7426814630113,4.79130486548354,5.37279137640792
"367","Looe","T1","50","4","32",0,7.835121,2.641344,3.45788,2.96633872755688,0,-4.858593,8.316473,24.7531848746972,4.95485645250385,4.99574207890294
"368","Looe","T1","44","4","34",3,35.427418,8.965813,11.281022,3.95138934974441,0,2.551257,8.729765,29.2589753717227,6.96643615279759,4.19999189398626
"369","Looe","T1","36","4","35",0,8.468132,2.375182,2.948893,3.56525605195728,5,-5.784838,8.733731,26.0720226175571,5.65220144785539,4.61271999203949
"370","Looe","T1","62","4","36",2,34.594418,11.720816,10.325873,2.95153665069053,0,1.271587,9.054286,31.2221568016546,7.88735549819184,3.95850761498099
"371","Looe","T1","1","4","40",0,10.487484,3.423063,3.36048,3.06377183242026,5,-4.878939,8.239419,26.2306148438811,5.69472068566005,4.60612842872746
"372","Looe","T1","31","5","41",2,35.784378,9.610044,11.955843,3.72364351297455,0,3.923329,8.032514,20.2922105099042,3.88074492938708,5.22894724573129
"373","Looe","T1","44","5","42",0,46.907261,14.416803,11.670676,3.2536520752902,0,2.062668,9.608008,30.8752489841031,7.31096867084583,4.22314064991487
"374","Looe","T1","50","5","43",0,35.937489,10.396668,9.596241,3.45663524121382,0,0.562246999999999,9.033994,27.3280115780706,5.87915590202308,4.64828829741813
"375","Looe","T1","36","5","45",2,63.915806,20.790739,13.503552,3.07424406607192,0,3.421289,10.082263,36.2926848018791,9.56812106969615,3.79308377658641
"376","Looe","T1","13","5","47",0,22.475918,5.724079,8.349008,3.92655621978662,0,0.449070999999999,7.899937,23.6974944704524,5.14571875691691,4.60528365227852
"377","Looe","T1","41","5","49",4,41.241703,9.988583,13.715979,4.12888424714497,0,4.156192,9.559787,27.2416280566496,5.67828564540873,4.79750927618026
"378","Looe","T1","3","5","50",3,32.26796,8.613577,10.445811,3.74617420846183,0,2.737967,7.707844,20.7692846624078,4.14091045031751,5.01563241021435
"379","Looe","T1","50","6","51",3,43.588802,13.273894,12.345712,3.28379916247636,0,4.167771,8.177941,24.7855203955821,5.37328551239091,4.61273095174752
"380","Looe","T1","41","6","52",3,34.759983,9.465595,11.438382,3.67224490378048,0,3.20492,8.233462,19.0842916892436,3.26581485853648,5.84365388606134
"381","Looe","T1","13","6","53",6,43.859386,13.442763,14.464041,3.26267643043324,0,6.439546,8.024495,23.8971180537356,5.28983647593163,4.51755326699903
"382","Looe","T1","62","6","54",5,57.091125,17.627273,15.95205,3.2387950762435,0,6.968441,8.983609,34.3041970621696,8.6190161215114,3.98005950778453
"383","Looe","T1","44","6","55",1,17.494953,6.616544,4.781119,2.64412252076008,5,-5.791678,10.572797,30.6457253044563,5.9915776937593,5.1148006202734
"384","Looe","T1","7","6","56",0,27.363729,8.4259,7.708377,3.24757343429189,0,1.195628,6.512749,21.8217135451146,5.02342508338408,4.34399103856332
"385","Looe","T1","36","6","57",1,51.547001,16.821196,12.989437,3.06440760811538,0,2.86451,10.124927,34.5572948165268,7.99713843643761,4.32120752831692
"386","Looe","T1","31","6","58",0,4.27561,1.492453,2.611552,2.86482053371195,5,-5.202126,7.813678,24.654536659679,5.22683057775462,4.71691903782162
"387","Looe","T1","3","6","59",0,31.16888,9.383396,8.590261,3.32170570228519,0,1.88409,6.706171,17.1033685617693,3.09149339758149,5.53239692348993
"388","Looe","T1","1","6","60",0,34.373749,10.427292,8.945619,3.29651735081361,0,1.139592,7.806027,23.8331729613347,5.31921476250637,4.48058106796664
"389","Looe","T1","44","7","61",1,47.239841,15.846803,10.848495,2.98103289351171,0,2.043267,8.805228,29.7395498165956,6.85263675989234,4.3398695799342
"390","Looe","T1","13","7","62",3,36.163883,9.940755,11.52547,3.63794128313191,0,4.749589,6.775881,20.6740965276247,4.59931599018905,4.49503721243012
"391","Looe","T1","50","7","63",1,18.904572,5.899205,5.51826,3.20459655156924,1,-2.845268,8.363528,26.6654064621283,5.73155532654171,4.65238577365659
"392","Looe","T1","1","7","64",2,27.538147,7.195716,9.059238,3.82701971561968,0,2.212832,6.846406,21.3633449160519,5.08744079477169,4.19923214399013
"393","Looe","T1","7","7","66",0,29.4513,8.927819,7.361899,3.29882359846229,0,0.65993,6.701969,20.7261991003516,4.95306054077341,4.18452367576256
"394","Looe","T1","41","7","68",2,33.420769,8.902079,10.490696,3.75426560469751,0,1.978131,8.512565,26.8170960078179,5.96030737984449,4.49928070798886
"395","Looe","T1","3","7","69",2,44.64798,14.556167,10.405348,3.06728962370382,0,2.170016,8.235332,23.7029672870463,5.1338940831419,4.61695681741456
"396","Looe","T1","62","8","73",5,42.073643,12.907367,12.749685,3.25966116869537,0,3.858205,8.89148,27.5717484947439,6.13091785126947,4.4971648884571
"397","Looe","T1","31","8","75",2,25.996738,7.46622,7.995565,3.48191427522896,0,1.512979,6.482586,21.8304954994045,4.88924590251976,4.46500256576454
"398","Looe","T1","36","8","77",0,16.315872,5.427978,3.362377,3.0058839589991,5,-6.25561,9.617987,37.2193708291076,8.47005249965238,4.39423142071848
"399","Looe","T1","41","8","80",1,40.843174,10.510531,11.693777,3.88592869380243,0,2.050037,9.64374,29.6506949699016,6.11702777683772,4.84723889634353
"400","Looe","T1","3","9","81",0,19.045889,4.327088,5.672073,4.40154880141102,0,-1.146379,6.818452,21.0449359926647,4.63579155432954,4.53966399179662
"401","Looe","T1","62","9","82",0,4.992687,13.423357,4.144334,0.371940267997044,5,-4.635448,8.779782,30.0785935815889,7.2896886292684,4.126183587708
"402","Looe","T1","13","9","83",0,12.355153,3.983486,3.716092,3.10159317743303,1,-4.20851,7.924602,22.9870435137453,4.72142343525853,4.86866806778719
"403","Looe","T1","50","9","84",2,40.585434,12.299119,12.22441,3.29986513668174,0,3.053524,9.170886,32.3937865302782,7.42092757841196,4.36519372921981
"404","Looe","T1","1","9","85",0,18.629633,6.634934,6.169261,2.80780984407682,0,-3.415328,9.584589,27.2595020144296,5.65564077982037,4.81987860892668
"405","Looe","T1","31","9","86",0,7.164801,2.367634,3.493364,3.02614382121561,5,-3.768075,7.261439,17.4892855211077,2.76491838187636,6.32542560234232
"406","Looe","T1","36","9","87",1,46.448235,15.011878,10.155719,3.09409888622862,0,-0.598001,10.75372,35.7340346986969,8.63039663498361,4.14048579805102
"407","Looe","T1","44","9","88",1,54.134998,17.883762,12.830435,3.02704755297012,0,1.80555,11.024885,38.4579567361006,8.96135230523438,4.29153496327079
"408","Looe","T1","7","9","89",0,27.097927,10.390704,6.489903,2.60790096609431,0,-0.41497,6.904873,23.9297130936483,5.92263407586855,4.04038351637299
"409","Looe","T1","41","9","90",0,7.115472,2.513213,2.744694,2.83122520852789,5,-7.121921,9.866615,28.945737730506,5.8352315965764,4.96051223527937
"410","Looe","T1","62","10","91",3,49.134659,17.51049,13.752515,2.80601279575843,0,3.007088,10.745427,37.4455632099027,8.77939015756466,4.26516677558044
"411","Looe","T1","1","10","93",0,13.338959,4.165022,4.358099,3.20261429591488,1,-2.236972,6.595071,17.9564525096732,3.79666072163348,4.72953835652389
"412","Looe","T1","3","10","94",0,11.335056,3.037852,3.599123,3.73127328125267,5,-3.002524,6.601647,19.3164723074902,3.86328074582861,5.00001775132373
"413","Looe","T1","41","10","95",0,13.029109,4.799834,4.515375,2.71449158450063,5,-4.995901,9.511276,27.8735093827533,5.35477415384437,5.20535667461193
"414","Looe","T1","7","10","96",0,24.338367,7.382648,7.221942,3.29669882676243,0,0.089467,7.132475,21.9416041656352,4.63679293639512,4.73206469786716
"415","Looe","T1","13","10","97",4,31.990791,8.718741,10.66518,3.66919845422636,0,2.916558,7.748622,24.0545807292827,5.15306750837423,4.66801195408204
"416","Looe","T1","31","10","98",0,7.757694,2.63978,3.393451,2.93876535165809,5,-4.127236,7.520687,19.758827340769,3.77861713654362,5.22911600375654
"417","Looe","T1","36","10","99",5,60.004448,20.517698,16.206295,2.92452145459983,0,6.126095,10.0802,34.0877717850934,8.07464735644331,4.22158024745098
"418","Looe","T1","50","10","100",3,48.095222,13.464642,13.753115,3.57196440870838,0,4.808645,8.94447,27.0625731138853,5.53324787479371,4.890902002993
"419","Daves","T0","3","11","107",0,20.5802972503586,4.18443849203534,7.475078,4.91829364669385,0,NA,7.475078,20.5802972503586,4.18443849203534,4.91829364669385
"420","Daves","T0","13","11","109",0,27.8597128742587,6.04770577855314,9.430051,4.60665811042876,0,NA,9.430051,27.8597128742587,6.04770577855314,4.60665811042876
"421","Daves","T0","1","11","102",0,22.9606301329214,4.75752476417912,8.351011,4.8261714380972,0,NA,8.351011,22.9606301329214,4.75752476417912,4.8261714380972
"422","Daves","T0","41","11","105",0,9.74866071992688,3.51542136052536,7.431202,2.77311301268022,0,NA,7.431202,9.74866071992688,3.51542136052536,2.77311301268022
"423","Daves","T0","36","11","110",0,31.0125342872708,8.06888562325063,8.522375,3.84347179217756,0,NA,8.522375,31.0125342872708,8.06888562325063,3.84347179217756
"424","Daves","T0","44","11","108",0,20.5500941399539,3.95332899561469,7.973911,5.19817454169626,0,NA,7.973911,20.5500941399539,3.95332899561469,5.19817454169626
"425","Daves","T0","50","11","104",0,24.5353921686867,5.26948328471965,8.368973,4.65612866442408,0,NA,8.368973,24.5353921686867,5.26948328471965,4.65612866442408
"426","Daves","T0","7","11","106",0,34.4990441074236,9.33247431718544,9.553802,3.69666638609385,0,NA,9.553802,34.4990441074236,9.33247431718544,3.69666638609385
"427","Daves","T0","31","11","101",0,30.0083273198635,6.8979917473096,9.973947,4.35029910431069,0,NA,9.973947,30.0083273198635,6.8979917473096,4.35029910431069
"428","Daves","T0","44","12","114",0,27.848955960527,3.03467540710448,8.069067,9.17691424108482,0,NA,8.069067,27.848955960527,3.03467540710448,9.17691424108482
"429","Daves","T0","7","12","111",0,34.0759634502606,10.3303997036779,8.356634,3.29861035658947,0,NA,8.356634,34.0759634502606,10.3303997036779,3.29861035658947
"430","Daves","T0","1","12","113",0,22.4773807334876,4.91972201116134,7.770432,4.56883146700024,0,NA,7.770432,22.4773807334876,4.91972201116134,4.56883146700024
"431","Daves","T0","41","12","112",0,25.146653822757,5.49549323759106,8.595634,4.57586839535079,0,NA,8.595634,25.146653822757,5.49549323759106,4.57586839535079
"432","Daves","T0","3","12","117",0,22.0372753310957,4.77719297890572,7.280578,4.61301760854209,0,NA,7.280578,22.0372753310957,4.77719297890572,4.61301760854209
"433","Daves","T0","13","12","120",0,19.9860975372938,3.74922701844874,7.824861,5.33072482379665,0,NA,7.824861,19.9860975372938,3.74922701844874,5.33072482379665
"434","Daves","T0","31","12","116",0,23.3538523055691,4.86459893057916,7.548528,4.80077651597656,0,NA,7.548528,23.3538523055691,4.86459893057916,4.80077651597656
"435","Daves","T0","36","12","118",0,25.2819778429058,5.62479525434043,8.524968,4.49473744371348,0,NA,8.524968,25.2819778429058,5.62479525434043,4.49473744371348
"436","Daves","T0","50","12","119",0,20.2484216960386,4.03210971525232,7.416405,5.02179333549497,0,NA,7.416405,20.2484216960386,4.03210971525232,5.02179333549497
"437","Daves","T0","1","13","128",0,29.4044354529619,6.6699316936951,8.849915,4.40850623414285,0,NA,8.849915,29.4044354529619,6.6699316936951,4.40850623414285
"438","Daves","T0","36","13","122",0,32.5235251449308,8.38453303344351,8.965698,3.87899063850112,0,NA,8.965698,32.5235251449308,8.38453303344351,3.87899063850112
"439","Daves","T0","31","13","130",0,32.8587360786967,8.04908212594432,9.212535,4.0822960387973,0,NA,9.212535,32.8587360786967,8.04908212594432,4.0822960387973
"440","Daves","T0","13","13","127",0,20.9653787519652,3.92822678526929,7.696587,5.33711007485226,0,NA,7.696587,20.9653787519652,3.92822678526929,5.33711007485226
"441","Daves","T0","41","13","124",0,24.2310419226689,4.70079960046724,8.562816,5.15466388319562,0,NA,8.562816,24.2310419226689,4.70079960046724,5.15466388319562
"442","Daves","T0","7","13","121",0,21.6401670574162,4.81357589747307,6.83135,4.49565302767458,0,NA,6.83135,21.6401670574162,4.81357589747307,4.49565302767458
"443","Daves","T0","44","13","125",0,24.4596047853133,4.82673074662361,9.037957,5.06753039879492,0,NA,9.037957,24.4596047853133,4.82673074662361,5.06753039879492
"444","Daves","T0","50","13","129",0,26.5509187035609,5.82834358208435,8.098215,4.55548275931696,0,NA,8.098215,26.5509187035609,5.82834358208435,4.55548275931696
"445","Daves","T0","62","13","126",0,22.178668938838,4.65453222554993,7.480359,4.7649619476461,0,NA,7.480359,22.178668938838,4.65453222554993,4.7649619476461
"446","Daves","T0","3","13","123",0,24.6831283229792,5.54590563719848,8.112431,4.45069388801355,0,NA,8.112431,24.6831283229792,5.54590563719848,4.45069388801355
"447","Daves","T0","31","14","139",0,34.2416814897365,8.18917876667028,10.415485,4.18133276429368,0,NA,10.415485,34.2416814897365,8.18917876667028,4.18133276429368
"448","Daves","T0","50","14","140",0,22.0407306389705,4.17314577013915,8.126271,5.28156260360766,0,NA,8.126271,22.0407306389705,4.17314577013915,5.28156260360766
"449","Daves","T0","41","14","135",0,18.4478473091233,3.40072155783912,6.942979,5.4246862012559,0,NA,6.942979,18.4478473091233,3.40072155783912,5.4246862012559
"450","Daves","T0","13","14","134",0,23.8695935623624,5.59941405640383,7.383592,4.26287345817259,0,NA,7.383592,23.8695935623624,5.59941405640383,4.26287345817259
"451","Daves","T0","36","14","138",0,28.9114190143943,6.76355873127702,7.994432,4.27458682079568,0,NA,7.994432,28.9114190143943,6.76355873127702,4.27458682079568
"452","Daves","T0","3","14","137",0,25.6897789503459,5.80487139696265,8.584842,4.42555522656158,0,NA,8.584842,25.6897789503459,5.80487139696265,4.42555522656158
"453","Daves","T0","7","14","136",0,29.7453086864906,8.29250208455692,7.428431,3.58701250638033,0,NA,7.428431,29.7453086864906,8.29250208455692,3.58701250638033
"454","Daves","T0","44","14","131",0,30.2799514343061,6.93785997954558,9.347461,4.36445121746165,0,NA,9.347461,30.2799514343061,6.93785997954558,4.36445121746165
"455","Daves","T0","7","15","141",0,33.9983081005932,9.97207316385474,8.732853,3.40935205167017,0,NA,8.732853,33.9983081005932,9.97207316385474,3.40935205167017
"456","Daves","T0","13","15","147",0,22.537253906638,4.22018137294632,8.219241,5.34035196949452,0,NA,8.219241,22.537253906638,4.22018137294632,5.34035196949452
"457","Daves","T0","3","15","149",0,23.9692149243237,5.29347834748937,7.706176,4.5280651682824,0,NA,7.706176,23.9692149243237,5.29347834748937,4.5280651682824
"458","Daves","T0","1","15","146",0,20.4771100944572,3.95038997452432,7.809601,5.18356674316006,0,NA,7.809601,20.4771100944572,3.95038997452432,5.18356674316006
"459","Daves","T0","44","15","142",0,23.2313508904795,5.45903975390716,7.057614,4.25557459512037,0,NA,7.057614,23.2313508904795,5.45903975390716,4.25557459512037
"460","Daves","T0","36","15","150",0,21.3513184518196,4.84434929323878,7.11911,4.40746881766339,0,NA,7.11911,21.3513184518196,4.84434929323878,4.40746881766339
"461","Daves","T0","41","15","148",0,21.6780972972862,3.78611635611142,8.417048,5.72568174305952,0,NA,8.417048,21.6780972972862,3.78611635611142,5.72568174305952
"462","Daves","T0","62","15","144",0,31.8474125062054,28.1708046864491,9.593583,1.13051128147308,0,NA,9.593583,31.8474125062054,28.1708046864491,1.13051128147308
"463","Daves","T0","50","15","145",0,23.8861836264173,4.20394166209065,7.516004,5.68185420882803,0,NA,7.516004,23.8861836264173,4.20394166209065,5.68185420882803
"464","Daves","T0","3","16","153",0,37.5825130982806,9.77513165820056,10.190786,3.84470658937385,0,NA,10.190786,37.5825130982806,9.77513165820056,3.84470658937385
"465","Daves","T0","62","16","159",0,28.2848362501099,6.63774255767722,8.553196,4.2612132067996,0,NA,8.553196,28.2848362501099,6.63774255767722,4.2612132067996
"466","Daves","T0","1","16","152",0,18.2262485448389,3.46126175171988,7.226232,5.26578162884746,0,NA,7.226232,18.2262485448389,3.46126175171988,5.26578162884746
"467","Daves","T0","44","16","156",1,43.8089842751163,11.4986498227557,10.789007,3.80992420418082,0,NA,10.789007,43.8089842751163,11.4986498227557,3.80992420418082
"468","Daves","T0","41","16","155",0,19.5709216072948,3.63517784542585,7.17699,5.38375904549511,0,NA,7.17699,19.5709216072948,3.63517784542585,5.38375904549511
"469","Daves","T0","13","16","151",0,20.0336145147729,3.68606727532241,7.271248,5.43495628766585,0,NA,7.271248,20.0336145147729,3.68606727532241,5.43495628766585
"470","Daves","T0","31","16","157",0,26.0785152143275,5.36824648191581,8.172715,4.85792060818725,0,NA,8.172715,26.0785152143275,5.36824648191581,4.85792060818725
"471","Daves","T0","36","16","158",0,33.98749352478,8.49412230277186,8.523751,4.00129552098502,0,NA,8.523751,33.98749352478,8.49412230277186,4.00129552098502
"472","Daves","T0","62","17","169",0,27.504534690598,6.83732614844756,7.863658,4.0227033336479,0,NA,7.863658,27.504534690598,6.83732614844756,4.0227033336479
"473","Daves","T0","36","17","168",0,30.5791083671139,7.37787616338586,9.085603,4.14470339294506,0,NA,9.085603,30.5791083671139,7.37787616338586,4.14470339294506
"474","Daves","T0","41","17","164",0,25.2655222519387,5.38210737413127,8.328667,4.6943549237564,0,NA,8.328667,25.2655222519387,5.38210737413127,4.6943549237564
"475","Daves","T0","1","17","162",0,24.9453534558294,5.465827456103,8.212301,4.56387503194527,0,NA,8.212301,24.9453534558294,5.465827456103,4.56387503194527
"476","Daves","T0","44","17","170",1,27.8429312918514,6.62555784936509,8.727191,4.20235275653348,0,NA,8.727191,27.8429312918514,6.62555784936509,4.20235275653348
"477","Daves","T0","50","17","167",1,22.9214745539413,4.73152155248589,7.971973,4.8444193479154,0,NA,7.971973,22.9214745539413,4.73152155248589,4.8444193479154
"478","Daves","T0","31","17","166",0,21.8192731357948,4.27125349535006,7.948332,5.10840041677428,0,NA,7.948332,21.8192731357948,4.27125349535006,5.10840041677428
"479","Daves","T0","13","17","163",0,23.5962309895843,4.65499617552356,8.219562,5.06901189600448,0,NA,8.219562,23.5962309895843,4.65499617552356,5.06901189600448
"480","Daves","T0","7","17","165",0,31.2131074590415,8.18283684670314,8.608008,3.814460442483,0,NA,8.608008,31.2131074590415,8.18283684670314,3.814460442483
"481","Daves","T0","41","18","173",0,22.4864240301142,4.54077441733744,7.699077,4.95211212084381,0,NA,7.699077,22.4864240301142,4.54077441733744,4.95211212084381
"482","Daves","T0","3","18","175",0,28.9306519772093,7.49823266654212,8.098509,3.8583294575935,0,NA,8.098509,28.9306519772093,7.49823266654212,3.8583294575935
"483","Daves","T0","50","18","176",0,25.0260022927802,5.61127625077701,7.948463,4.4599483565463,0,NA,7.948463,25.0260022927802,5.61127625077701,4.4599483565463
"484","Daves","T0","62","18","178",0,23.2986946011511,5.13196235817193,7.560893,4.53991923071128,0,NA,7.560893,23.2986946011511,5.13196235817193,4.53991923071128
"485","Daves","T0","36","18","174",0,31.268821974591,7.98593482498237,8.970528,3.91548674762193,0,NA,8.970528,31.268821974591,7.98593482498237,3.91548674762193
"486","Daves","T0","31","18","172",0,28.8263309952607,5.84170761856998,9.350462,4.93457271014827,0,NA,9.350462,28.8263309952607,5.84170761856998,4.93457271014827
"487","Daves","T0","44","18","180",0,19.4630208722917,3.99993334356,7.023495,4.86583630290432,0,NA,7.023495,19.4630208722917,3.99993334356,4.86583630290432
"488","Daves","T0","1","19","185",0,22.9000814757767,5.08791348003416,7.847682,4.50087871298136,0,NA,7.847682,22.9000814757767,5.08791348003416,4.50087871298136
"489","Daves","T0","3","19","186",0,20.6794887369666,4.23195089326332,7.487703,4.88651434256608,0,NA,7.487703,20.6794887369666,4.23195089326332,4.88651434256608
"490","Daves","T0","7","19","189",0,19.6128339151408,4.02492373675144,6.692168,4.87284609545683,0,NA,6.692168,19.6128339151408,4.02492373675144,4.87284609545683
"491","Daves","T0","13","19","190",0,18.8884416264408,3.39980486466943,7.277697,5.5557428671064,0,NA,7.277697,18.8884416264408,3.39980486466943,5.5557428671064
"492","Daves","T0","50","19","188",0,26.9033163418588,5.94923779828174,8.2502,4.52214506362967,0,NA,8.2502,26.9033163418588,5.94923779828174,4.52214506362967
"493","Daves","T0","31","19","182",0,32.6167345227096,7.55497240912098,10.151221,4.31725395625958,0,NA,10.151221,32.6167345227096,7.55497240912098,4.31725395625958
"494","Daves","T0","36","19","184",0,30.9334308256169,7.91730065484616,8.847122,3.90706784725708,0,NA,8.847122,30.9334308256169,7.91730065484616,3.90706784725708
"495","Daves","T0","62","19","181",0,25.8293458470191,5.69171717381186,8.396349,4.53805856093173,0,NA,8.396349,25.8293458470191,5.69171717381186,4.53805856093173
"496","Daves","T0","41","19","183",0,21.9213138242854,4.75817411995842,7.021056,4.60708525405475,0,NA,7.021056,21.9213138242854,4.75817411995842,4.60708525405475
"497","Daves","T0","7","20","200",0,24.4970518937503,6.02454902033764,7.380193,4.06620509038159,0,NA,7.380193,24.4970518937503,6.02454902033764,4.06620509038159
"498","Daves","T0","50","20","198",0,30.2203986517411,6.69552880656428,9.018113,4.51351932383789,0,NA,9.018113,30.2203986517411,6.69552880656428,4.51351932383789
"499","Daves","T0","13","20","199",0,29.8078440649043,6.27761672700754,9.327672,4.74827396465049,0,NA,9.327672,29.8078440649043,6.27761672700754,4.74827396465049
"500","Daves","T0","31","20","192",0,26.3576748793754,5.61612385585564,8.828995,4.69321467187617,0,NA,8.828995,26.3576748793754,5.61612385585564,4.69321467187617
"501","Daves","T0","1","20","193",0,18.8208496480611,4.02519524086114,6.505289,4.67576068286183,0,NA,6.505289,18.8208496480611,4.02519524086114,4.67576068286183
"502","Daves","T0","36","20","191",0,36.6995637165455,8.68182760827427,10.568982,4.22717028861167,0,NA,10.568982,36.6995637165455,8.68182760827427,4.22717028861167
"503","Daves","T0","3","20","197",0,23.8231757614086,4.70490178290754,8.128202,5.06347993234543,0,NA,8.128202,23.8231757614086,4.70490178290754,5.06347993234543
"504","Looe","T0","1","1","7",0,16.6182386777574,3.60207149470096,6.418923,4.61352271941427,0,NA,6.418923,16.6182386777574,3.60207149470096,4.61352271941427
"505","Looe","T0","3","1","10",0,16.3260820684867,3.43354609683336,6.081557,4.75487487514546,0,NA,6.081557,16.3260820684867,3.43354609683336,4.75487487514546
"506","Looe","T0","36","1","9",0,39.5794758223108,11.2781195691377,8.978914,3.50940381325794,0,NA,8.978914,39.5794758223108,11.2781195691377,3.50940381325794
"507","Looe","T0","44","1","8",0,32.930587926239,7.89758823205133,9.755547,4.16970180752074,0,NA,9.755547,32.930587926239,7.89758823205133,4.16970180752074
"508","Looe","T0","41","2","15",0,26.6698742420169,5.90036201803937,8.723368,4.52004032303072,0,NA,8.723368,26.6698742420169,5.90036201803937,4.52004032303072
"509","Looe","T0","50","2","14",0,28.2963066681588,5.74704857481806,8.623048,4.92362406542817,0,NA,8.623048,28.2963066681588,5.74704857481806,4.92362406542817
"510","Looe","T0","7","2","18",0,36.1738853884279,11.3541404165822,8.401778,3.18596424398605,0,NA,8.401778,36.1738853884279,11.3541404165822,3.18596424398605
"511","Looe","T0","36","2","19",0,42.2135108036163,9.45777240418876,10.431457,4.46336716507582,0,NA,10.431457,42.2135108036163,9.45777240418876,4.46336716507582
"512","Looe","T0","3","2","17",0,25.1183676880221,5.11935164940668,8.186712,4.9065525105964,0,NA,8.186712,25.1183676880221,5.11935164940668,4.9065525105964
"513","Looe","T0","31","2","13",0,23.0373037969593,5.34791981492587,7.499077,4.30771301631393,0,NA,7.499077,23.0373037969593,5.34791981492587,4.30771301631393
"514","Looe","T0","31","3","27",0,20.0935818718479,3.87412373621288,7.555062,5.18661334536779,0,NA,7.555062,20.0935818718479,3.87412373621288,5.18661334536779
"515","Looe","T0","3","3","21",0,25.6769660573586,6.6013738472966,7.282414,3.88963974035099,0,NA,7.282414,25.6769660573586,6.6013738472966,3.88963974035099
"516","Looe","T0","50","3","24",0,27.1686084319059,6.38178125765401,8.571006,4.257213986976,0,NA,8.571006,27.1686084319059,6.38178125765401,4.257213986976
"517","Looe","T0","13","3","22",0,17.7303846858281,3.70331688577662,6.342104,4.78770389699176,0,NA,6.342104,17.7303846858281,3.70331688577662,4.78770389699176
"518","Looe","T0","1","3","29",0,20.569193177109,4.44066274941443,7.14955,4.63200975571076,0,NA,7.14955,20.569193177109,4.44066274941443,4.63200975571076
"519","Looe","T0","36","3","30",0,32.3393480998902,7.59521854725886,10.165267,4.2578561628831,0,NA,10.165267,32.3393480998902,7.59521854725886,4.2578561628831
"520","Looe","T0","62","4","36",0,31.2221568016546,7.88735549819184,9.054286,3.95850761498099,0,NA,9.054286,31.2221568016546,7.88735549819184,3.95850761498099
"521","Looe","T0","13","4","33",0,22.392336073995,5.0183452391533,7.309912,4.46209557271772,0,NA,7.309912,22.392336073995,5.0183452391533,4.46209557271772
"522","Looe","T0","44","4","34",0,29.2589753717227,6.96643615279759,8.729765,4.19999189398626,0,NA,8.729765,29.2589753717227,6.96643615279759,4.19999189398626
"523","Looe","T0","36","4","35",0,26.0720226175571,5.65220144785539,8.733731,4.61271999203949,0,NA,8.733731,26.0720226175571,5.65220144785539,4.61271999203949
"524","Looe","T0","1","4","40",0,26.2306148438811,5.69472068566005,8.239419,4.60612842872746,0,NA,8.239419,26.2306148438811,5.69472068566005,4.60612842872746
"525","Looe","T0","41","4","31",0,25.7426814630113,4.79130486548354,9.481329,5.37279137640792,0,NA,9.481329,25.7426814630113,4.79130486548354,5.37279137640792
"526","Looe","T0","50","4","32",0,24.7531848746972,4.95485645250385,8.316473,4.99574207890294,0,NA,8.316473,24.7531848746972,4.95485645250385,4.99574207890294
"527","Looe","T0","31","5","41",0,20.2922105099042,3.88074492938708,8.032514,5.22894724573129,0,NA,8.032514,20.2922105099042,3.88074492938708,5.22894724573129
"528","Looe","T0","3","5","50",0,20.7692846624078,4.14091045031751,7.707844,5.01563241021435,0,NA,7.707844,20.7692846624078,4.14091045031751,5.01563241021435
"529","Looe","T0","62","5","44",0,31.8537681010494,7.8034732864261,9.342276,4.08199873721078,0,NA,9.342276,31.8537681010494,7.8034732864261,4.08199873721078
"530","Looe","T0","1","5","48",0,18.593882478713,3.64450657578081,7.014389,5.1018929701696,0,NA,7.014389,18.593882478713,3.64450657578081,5.1018929701696
"531","Looe","T0","7","5","46",0,24.9312323133794,6.11365235646358,7.42228,4.07796041706905,0,NA,7.42228,24.9312323133794,6.11365235646358,4.07796041706905
"532","Looe","T0","50","5","43",0,27.3280115780706,5.87915590202308,9.033994,4.64828829741813,0,NA,9.033994,27.3280115780706,5.87915590202308,4.64828829741813
"533","Looe","T0","44","5","42",0,30.8752489841031,7.31096867084583,9.608008,4.22314064991487,0,NA,9.608008,30.8752489841031,7.31096867084583,4.22314064991487
"534","Looe","T0","13","5","47",0,23.6974944704524,5.14571875691691,7.899937,4.60528365227852,0,NA,7.899937,23.6974944704524,5.14571875691691,4.60528365227852
"535","Looe","T0","36","5","45",0,36.2926848018791,9.56812106969615,10.082263,3.79308377658641,0,NA,10.082263,36.2926848018791,9.56812106969615,3.79308377658641
"536","Looe","T0","41","5","49",0,27.2416280566496,5.67828564540873,9.559787,4.79750927618026,0,NA,9.559787,27.2416280566496,5.67828564540873,4.79750927618026
"537","Looe","T0","41","6","52",0,19.0842916892436,3.26581485853648,8.233462,5.84365388606134,0,NA,8.233462,19.0842916892436,3.26581485853648,5.84365388606134
"538","Looe","T0","7","6","56",0,21.8217135451146,5.02342508338408,6.512749,4.34399103856332,0,NA,6.512749,21.8217135451146,5.02342508338408,4.34399103856332
"539","Looe","T0","3","6","59",0,17.1033685617693,3.09149339758149,6.706171,5.53239692348993,0,NA,6.706171,17.1033685617693,3.09149339758149,5.53239692348993
"540","Looe","T0","50","6","51",0,24.7855203955821,5.37328551239091,8.177941,4.61273095174752,0,NA,8.177941,24.7855203955821,5.37328551239091,4.61273095174752
"541","Looe","T0","13","6","53",0,23.8971180537356,5.28983647593163,8.024495,4.51755326699903,0,NA,8.024495,23.8971180537356,5.28983647593163,4.51755326699903
"542","Looe","T0","1","6","60",0,23.8331729613347,5.31921476250637,7.806027,4.48058106796664,0,NA,7.806027,23.8331729613347,5.31921476250637,4.48058106796664
"543","Looe","T0","36","6","57",0,34.5572948165268,7.99713843643761,10.124927,4.32120752831692,0,NA,10.124927,34.5572948165268,7.99713843643761,4.32120752831692
"544","Looe","T0","31","6","58",0,24.654536659679,5.22683057775462,7.813678,4.71691903782162,0,NA,7.813678,24.654536659679,5.22683057775462,4.71691903782162
"545","Looe","T0","44","6","55",0,30.6457253044563,5.9915776937593,10.572797,5.1148006202734,0,NA,10.572797,30.6457253044563,5.9915776937593,5.1148006202734
"546","Looe","T0","62","6","54",0,34.3041970621696,8.6190161215114,8.983609,3.98005950778453,0,NA,8.983609,34.3041970621696,8.6190161215114,3.98005950778453
"547","Looe","T0","7","7","66",0,20.7261991003516,4.95306054077341,6.701969,4.18452367576256,0,NA,6.701969,20.7261991003516,4.95306054077341,4.18452367576256
"548","Looe","T0","50","7","63",0,26.6654064621283,5.73155532654171,8.363528,4.65238577365659,0,NA,8.363528,26.6654064621283,5.73155532654171,4.65238577365659
"549","Looe","T0","3","7","69",0,23.7029672870463,5.1338940831419,8.235332,4.61695681741456,0,NA,8.235332,23.7029672870463,5.1338940831419,4.61695681741456
"550","Looe","T0","1","7","64",0,21.3633449160519,5.08744079477169,6.846406,4.19923214399013,0,NA,6.846406,21.3633449160519,5.08744079477169,4.19923214399013
"551","Looe","T0","44","7","61",0,29.7395498165956,6.85263675989234,8.805228,4.3398695799342,0,NA,8.805228,29.7395498165956,6.85263675989234,4.3398695799342
"552","Looe","T0","41","7","68",0,26.8170960078179,5.96030737984449,8.512565,4.49928070798886,0,NA,8.512565,26.8170960078179,5.96030737984449,4.49928070798886
"553","Looe","T0","13","7","62",0,20.6740965276247,4.59931599018905,6.775881,4.49503721243012,0,NA,6.775881,20.6740965276247,4.59931599018905,4.49503721243012
"554","Looe","T0","36","7","65",0,33.4471561033456,8.01818756369733,9.416637,4.17141103742434,0,NA,9.416637,33.4471561033456,8.01818756369733,4.17141103742434
"555","Looe","T0","41","8","80",0,29.6506949699016,6.11702777683772,9.64374,4.84723889634353,0,NA,9.64374,29.6506949699016,6.11702777683772,4.84723889634353
"556","Looe","T0","31","8","75",0,21.8304954994045,4.88924590251976,6.482586,4.46500256576454,0,NA,6.482586,21.8304954994045,4.88924590251976,4.46500256576454
"557","Looe","T0","62","8","73",0,27.5717484947439,6.13091785126947,8.89148,4.4971648884571,0,NA,8.89148,27.5717484947439,6.13091785126947,4.4971648884571
"558","Looe","T0","36","8","77",0,37.2193708291076,8.47005249965238,9.617987,4.39423142071848,0,NA,9.617987,37.2193708291076,8.47005249965238,4.39423142071848
"559","Looe","T0","7","9","89",0,23.9297130936483,5.92263407586855,6.904873,4.04038351637299,0,NA,6.904873,23.9297130936483,5.92263407586855,4.04038351637299
"560","Looe","T0","41","9","90",0,28.945737730506,5.8352315965764,9.866615,4.96051223527937,0,NA,9.866615,28.945737730506,5.8352315965764,4.96051223527937
"561","Looe","T0","62","9","82",0,30.0785935815889,7.2896886292684,8.779782,4.126183587708,0,NA,8.779782,30.0785935815889,7.2896886292684,4.126183587708
"562","Looe","T0","3","9","81",0,21.0449359926647,4.63579155432954,6.818452,4.53966399179662,0,NA,6.818452,21.0449359926647,4.63579155432954,4.53966399179662
"563","Looe","T0","31","9","86",0,17.4892855211077,2.76491838187636,7.261439,6.32542560234232,0,NA,7.261439,17.4892855211077,2.76491838187636,6.32542560234232
"564","Looe","T0","50","9","84",0,32.3937865302782,7.42092757841196,9.170886,4.36519372921981,0,NA,9.170886,32.3937865302782,7.42092757841196,4.36519372921981
"565","Looe","T0","13","9","83",0,22.9870435137453,4.72142343525853,7.924602,4.86866806778719,0,NA,7.924602,22.9870435137453,4.72142343525853,4.86866806778719
"566","Looe","T0","36","9","87",0,35.7340346986969,8.63039663498361,10.75372,4.14048579805102,0,NA,10.75372,35.7340346986969,8.63039663498361,4.14048579805102
"567","Looe","T0","44","9","88",0,38.4579567361006,8.96135230523438,11.024885,4.29153496327079,0,NA,11.024885,38.4579567361006,8.96135230523438,4.29153496327079
"568","Looe","T0","1","9","85",0,27.2595020144296,5.65564077982037,9.584589,4.81987860892668,0,NA,9.584589,27.2595020144296,5.65564077982037,4.81987860892668
"569","Looe","T0","36","10","99",0,34.0877717850934,8.07464735644331,10.0802,4.22158024745098,0,NA,10.0802,34.0877717850934,8.07464735644331,4.22158024745098
"570","Looe","T0","41","10","95",0,27.8735093827533,5.35477415384437,9.511276,5.20535667461193,0,NA,9.511276,27.8735093827533,5.35477415384437,5.20535667461193
"571","Looe","T0","50","10","100",0,27.0625731138853,5.53324787479371,8.94447,4.890902002993,0,NA,8.94447,27.0625731138853,5.53324787479371,4.890902002993
"572","Looe","T0","7","10","96",0,21.9416041656352,4.63679293639512,7.132475,4.73206469786716,0,NA,7.132475,21.9416041656352,4.63679293639512,4.73206469786716
"573","Looe","T0","31","10","98",0,19.758827340769,3.77861713654362,7.520687,5.22911600375654,0,NA,7.520687,19.758827340769,3.77861713654362,5.22911600375654
"574","Looe","T0","1","10","93",0,17.9564525096732,3.79666072163348,6.595071,4.72953835652389,0,NA,6.595071,17.9564525096732,3.79666072163348,4.72953835652389
"575","Looe","T0","62","10","91",0,37.4455632099027,8.77939015756466,10.745427,4.26516677558044,0,NA,10.745427,37.4455632099027,8.77939015756466,4.26516677558044
"576","Looe","T0","3","10","94",0,19.3164723074902,3.86328074582861,6.601647,5.00001775132373,0,NA,6.601647,19.3164723074902,3.86328074582861,5.00001775132373
"577","Looe","T0","13","10","97",0,24.0545807292827,5.15306750837423,7.748622,4.66801195408204,0,NA,7.748622,24.0545807292827,5.15306750837423,4.66801195408204
