"","site","genotype","array","tag_number","T0","timepoint","growth","number_branches","sa","volume","tle","sav"
"1","Daves","31","11","101",9.973947,"T1",6.153908,6,47.63625,12.475038,16.127855,3.81852544256779
"2","Daves","31","11","101",9.973947,"T2",18.679118,16,91.37616,23.470125,34.806973,3.89329669100612
"3","Daves","31","11","101",9.973947,"3",25.354936,19,179.936279,39.116095,60.161909,4.60005731655985
"4","Daves","1","11","102",8.351011,"T1",0.563029,0,27.533243,6.663877,8.91404,4.13171536629503
"5","Daves","1","11","102",8.351011,"T2",3.262526,3,37.80761,12.407041,12.176566,3.04727049745382
"6","Daves","1","11","102",8.351011,"3",3.629054,12,55.11454,13.910489,15.80562,3.96208501369003
"7","Daves","50","11","104",8.368973,"T1",4.724238,4,43.733776,12.359119,13.093211,3.538583615871
"8","Daves","44","11","108",7.973911,"T1",-0.231327,0,7.742584,2.698469,7.742584,2.86925067510503
"9","Daves","44","11","108",7.973911,"T2",-4.550861,0,10.549157,3.532913,3.191723,2.98596568893715
"10","Daves","44","11","108",7.973911,"3",2.518411,5,17.907793,6.694894,5.710134,2.67484339557878
"11","Daves","13","11","109",9.430051,"T1",-7.390146,0,6.671021,2.008265,2.039905,3.32178323079872
"12","Daves","13","11","109",9.430051,"T2",0.151225,0,8.1457,2.687111,2.19113,3.03139691661416
"13","Daves","13","11","109",9.430051,"3",4.081669,5,14.065687,4.058833,6.272799,3.46545102988963
"14","Daves","7","12","111",8.356634,"T1",1.398862,0,46.335011,16.257368,9.755496,2.85009301628652
"15","Daves","7","12","111",8.356634,"T2",5.006334,4,57.951477,20.564399,14.76183,2.81804865777988
"16","Daves","7","12","111",8.356634,"3",11.202502,6,94.012703,30.68389,25.964332,3.06391083399139
"17","Daves","41","12","112",8.595634,"3",16.083964,9,109.356117,25.139065,36.688224,4.35004710795728
"18","Daves","1","12","113",7.770432,"T1",1.974749,2,27.707504,7.997316,9.745181,3.46460037342528
"19","Daves","1","12","113",7.770432,"T2",5.593872,6,51.801956,17.234788,15.339053,3.00566250075139
"20","Daves","1","12","113",7.770432,"3",13.734261,13,91.771446,27.030931,29.073314,3.39505309676533
"21","Daves","44","12","114",8.069067,"T1",-1.648269,1,21.901802,8.347831,6.420798,2.62365182045492
"22","Daves","44","12","114",8.069067,"T2",1.284173,1,29.475248,12.346143,7.704971,2.38740536214427
"23","Daves","44","12","114",8.069067,"3",3.90074,6,40.315834,14.17984,11.605711,2.8431797537913
"24","Daves","31","12","116",7.548528,"T1",4.630706,2,41.921684,11.699619,12.179234,3.58316659713449
"25","Daves","31","12","116",7.548528,"T2",11.088268,8,63.66951,17.336658,23.267502,3.67253654077966
"26","Daves","31","12","116",7.548528,"3",22.502017,11,135.683548,31.579247,45.769519,4.29660491904699
"27","Daves","3","12","117",7.280578,"T1",-2.63981,0,18.866196,6.543107,4.640768,2.88336962852663
"28","Daves","3","12","117",7.280578,"T2",3.584803,3,34.416809,12.838279,8.225571,2.6807961565565
"29","Daves","3","12","117",7.280578,"3",7.853074,9,63.4398,19.54277,16.078645,3.24620307151954
"30","Daves","36","12","118",8.524968,"T1",-5.264172,0,12.516261,4.561083,3.260796,2.7441423451404
"31","Daves","36","12","118",8.524968,"T2",1.932437,1,16.032227,5.229761,5.193233,3.06557546319994
"32","Daves","36","12","118",8.524968,"3",1.277941,1,21.307865,5.300708,6.471174,4.01981490019824
"33","Daves","50","12","119",7.416405,"T1",-0.200672,0,25.115618,7.326747,7.215733,3.42793575375265
"34","Daves","13","12","120",7.824861,"T1",1.80368,2,26.015499,6.974475,9.628541,3.73010140548213
"35","Daves","13","12","120",7.824861,"T2",1.671104,2,33.917534,9.281238,11.299645,3.65441916261602
"36","Daves","13","12","120",7.824861,"3",-8.512204,0,5.067353,1.237766,2.787441,4.09395071443229
"37","Daves","7","13","121",6.83135,"T1",1.334614,0,27.904669,6.323274,8.165964,4.41300962128163
"38","Daves","7","13","121",6.83135,"T2",3.40217,3,35.063164,10.751544,11.568134,3.26122127203311
"39","Daves","7","13","121",6.83135,"3",1.960419,3,39.692478,8.865029,13.528553,4.47742223967908
"40","Daves","36","13","122",8.965698,"T1",-2.224948,0,30.509651,10.504577,6.74075,2.90441499929031
"41","Daves","36","13","122",8.965698,"T2",2.985144,3,42.337196,14.767529,9.725894,2.86691131603669
"42","Daves","36","13","122",8.965698,"3",1.52905,4,30.641256,8.025906,11.254944,3.81779402848725
"43","Daves","41","13","124",8.562816,"T1",-3.401297,1,17.218639,17.218639,5.161519,1
"44","Daves","41","13","124",8.562816,"T2",2.580395,6,22.908768,4.721118,7.741914,4.85240318077201
"45","Daves","41","13","124",8.562816,"3",4.615033,5,35.403782,8.658607,12.356947,4.08885424641631
"46","Daves","44","13","125",9.037957,"T1",3.263339,2,46.097771,13.900194,12.301296,3.31634011726743
"47","Daves","44","13","125",9.037957,"T2",6.4527899,12,67.58287,19.807173,18.7540859,3.41204017352704
"48","Daves","44","13","125",9.037957,"3",15.3419881,9,98.358841,22.196875,34.096074,4.43120218499226
"49","Daves","62","13","126",7.480359,"T1",4.2429,3,43.92664,14.160964,11.723259,3.10195266367459
"50","Daves","62","13","126",7.480359,"T2",7.82986,9,52.694103,14.311603,19.553119,3.6819148071673
"51","Daves","62","13","126",7.480359,"3",-17.646015,0,10.344016,4.257553,1.907104,2.42956834594895
"52","Daves","13","13","127",7.696587,"T1",-4.363012,0,6.747782,2.033679,3.333575,3.31801724854316
"53","Daves","1","13","128",8.849915,"T1",6.239791,4,48.735645,13.439467,15.089706,3.62630787366791
"54","Daves","1","13","128",8.849915,"T2",5.78385,12,67.724907,18.197609,20.873556,3.72163766129935
"55","Daves","1","13","128",8.849915,"3",9.147773,16,95.934479,23.065874,30.021329,4.1591521309793
"56","Daves","50","13","129",8.098215,"T1",5.877208,6,46.403015,13.090245,13.975423,3.54485458446347
"57","Daves","50","13","129",8.098215,"T2",8.769502,15,70.967018,18.667913,22.744925,3.80155071431927
"58","Daves","50","13","129",8.098215,"3",7.235875,11,90.479385,23.413851,29.9808,3.86435298490624
"59","Daves","31","13","130",9.212535,"T1",-6.101878,0,12.495801,3.611382,3.110657,3.46011609959844
"60","Daves","31","13","130",9.212535,"T2",0.786864,6,15.945302,5.185292,3.897521,3.07510203861229
"61","Daves","31","13","130",9.212535,"3",-0.86019,0,11.041291,2.9126,3.037331,3.79087104305432
"62","Daves","44","14","131",9.347461,"T1",1.199437,0,38.92141,11.532526,10.546898,3.37492497307181
"63","Daves","44","14","131",9.347461,"T2",1.693391,4,50.435844,15.656557,12.240289,3.22138794627708
"64","Daves","44","14","131",9.347461,"3",10.016338,14,75.324692,20.907923,22.256627,3.6026865031022
"65","Daves","13","14","134",7.383592,"T1",-0.460958,3,21.184481,6.43038,6.922634,3.29443687620327
"66","Daves","13","14","134",7.383592,"T2",1.563625,3,25.7377,7.678433,8.486259,3.35194694021554
"67","Daves","13","14","134",7.383592,"3",3.811799,5,29.676924,7.661122,12.298058,3.87370466101441
"68","Daves","41","14","135",6.942979,"3",2.199343,2,15.307115,4.862504,6.746069,3.14799021245021
"69","Daves","3","14","137",8.584842,"3",4.311837,8,38.249996,12.403522,11.884204,3.08380119775657
"70","Daves","36","14","138",7.994432,"T1",4.543439,2,53.513031,16.121073,12.537871,3.31944598228666
"71","Daves","36","14","138",7.994432,"T2",-10.315275,0,22.463324,7.5886,2.222596,2.96014073742192
"72","Daves","36","14","138",7.994432,"3",1.171523,0,24.883369,9.280093,3.394119,2.68137065005706
"73","Daves","31","14","139",10.415485,"T1",3.653984,5,45.057606,12.159379,14.069469,3.70558447104906
"74","Daves","31","14","139",10.415485,"T2",21.20585,10,94.335335,22.11263,35.275319,4.26612913072755
"75","Daves","31","14","139",10.415485,"3",33.120562,18,151.139267,25.724726,68.395881,5.87525274321678
"76","Daves","50","14","140",8.126271,"T1",2.066403,2,36.581726,11.639806,10.192674,3.1428123458415
"77","Daves","50","14","140",8.126271,"T2",-4.663279,1,22.722662,7.90133,5.529395,2.87580217507685
"78","Daves","50","14","140",8.126271,"3",5.757459,4,35.800835,12.700113,11.286854,2.81893830393478
"79","Daves","7","15","141",8.732853,"T1",-0.969189,0,33.466732,10.848815,7.763664,3.08482834300336
"80","Daves","7","15","141",8.732853,"T2",3.179542,2,47.667347,15.32898,10.943206,3.10962288423626
"81","Daves","7","15","141",8.732853,"3",7.828029,4,74.207939,25.237558,18.771235,2.94037715534918
"82","Daves","44","15","142",7.057614,"3",2.652999,2,27.285042,8.708874,6.772503,3.13301604776921
"83","Daves","62","15","144",9.593583,"T1",1.31545,2,45.202473,14.635053,10.909033,3.08864429804251
"84","Daves","62","15","144",9.593583,"T2",9.902143,9,68.658203,20.205625,20.811176,3.39797472238547
"85","Daves","62","15","144",9.593583,"3",9.349792,13,83.306831,20.50087,30.160968,4.06357539948305
"86","Daves","50","15","145",7.516004,"T1",5.757175,4,38.948689,10.217075,13.273179,3.81211736235664
"87","Daves","50","15","145",7.516004,"T2",10.572976,10,67.488205,18.044252,23.846155,3.74014977179436
"88","Daves","50","15","145",7.516004,"3",10.231923,12,98.028053,23.046383,34.078078,4.25351140784218
"89","Daves","1","15","146",7.809601,"T1",-2.281478,0,16.291641,2.783606,5.528123,5.85271083623185
"90","Daves","1","15","146",7.809601,"T2",2.368173,2,26.51804,6.034437,7.896296,4.39445137963989
"91","Daves","1","15","146",7.809601,"3",17.442261,9,85.615952,24.940945,25.338557,3.43274691476205
"92","Daves","41","15","148",8.417048,"T1",-4.180419,0,11.193262,3.1569,4.236629,3.54564984636827
"93","Daves","41","15","148",8.417048,"T2",0.420051,0,11.151465,3.49453,4.65668,3.19112012201927
"94","Daves","41","15","148",8.417048,"3",0.582026000000001,2,11.993173,2.539715,5.238706,4.72225151247286
"95","Daves","3","15","149",7.706176,"T1",-1.655265,0,22.663456,7.013898,6.050911,3.23122121251264
"96","Daves","3","15","149",7.706176,"T2",-1.466832,0,27.050751,9.289076,4.584079,2.91210352891935
"97","Daves","3","15","149",7.706176,"3",2.444571,5,37.755417,12.878551,7.02865,2.93165100639039
"98","Daves","36","15","150",7.11911,"T1",-3.356574,0,13.656547,3.902649,3.762536,3.49930188443798
"99","Daves","36","15","150",7.11911,"T2",1.07028,0,20.080544,6.990843,4.832816,2.87240666111369
"100","Daves","36","15","150",7.11911,"3",1.432992,1,30.922009,9.949792,6.265808,3.10780456516076
"101","Daves","13","16","151",7.271248,"T1",1.617284,1,26.541428,6.277207,8.888532,4.22822251998381
"102","Daves","13","16","151",7.271248,"T2",8.065133,8,40.411621,9.383503,16.953665,4.30666681728561
"103","Daves","13","16","151",7.271248,"3",8.155195,7,55.445755,9.916754,25.10886,5.59111933199109
"104","Daves","1","16","152",7.226232,"T1",0.863508,0,24.402451,6.772609,8.08974,3.60310937778927
"105","Daves","1","16","152",7.226232,"T2",7.387298,10,39.561634,13.280359,15.477038,2.97895817424815
"106","Daves","1","16","152",7.226232,"3",10.170005,8,81.475624,21.077852,25.647043,3.86546143316691
"107","Daves","3","16","153",10.190786,"3",9.994817,18,143.387268,35.066368,47.743423,4.08902535899926
"108","Daves","44","16","156",10.789007,"T1",7.225662,5,67.014893,23.394907,18.014669,2.86450777513243
"109","Daves","44","16","156",10.789007,"T2",15.67578,13,114.411819,34.606972,33.690449,3.30603379573341
"110","Daves","44","16","156",10.789007,"3",15.176165,13,166.524872,47.621148,48.866614,3.49686807214307
"111","Daves","31","16","157",8.172715,"T1",5.058712,4,39.900803,10.759753,13.231427,3.70833819326522
"112","Daves","31","16","157",8.172715,"T2",16.067269,15,76.975403,20.477802,29.298696,3.75896802791628
"113","Daves","31","16","157",8.172715,"3",-24.213427,1,16.856556,6.093138,5.085269,2.76648190144389
"114","Daves","36","16","158",8.523751,"T1",3.384518,3,42.533524,11.917057,11.908269,3.56912986150859
"115","Daves","36","16","158",8.523751,"T2",5.780049,7,61.917114,19.287554,17.688318,3.21021079189201
"116","Daves","36","16","158",8.523751,"3",13.666104,11,97.485023,26.676702,31.354422,3.65431315310266
"117","Daves","62","16","159",8.553196,"T1",-0.836672,2,29.787769,8.555942,7.716524,3.48153002907219
"118","Daves","62","16","159",8.553196,"T2",7.664434,6,54.570412,16.524605,15.380958,3.30237315808759
"119","Daves","62","16","159",8.553196,"3",5.861679,6,86.266457,25.214926,21.242637,3.42124569391955
"120","Daves","13","17","163",8.219562,"T1",-5.750023,0,9.016335,2.123872,2.469539,4.24523464690904
"121","Daves","13","17","163",8.219562,"T2",5.775651,7,18.827835,4.33829,8.24519,4.33992079828688
"122","Daves","13","17","163",8.219562,"3",2.746816,6,26.872332,7.315575,10.992006,3.67330414902451
"123","Daves","41","17","164",8.328667,"T1",6.049884,5,38.443035,11.415063,14.378551,3.36774619640733
"124","Daves","41","17","164",8.328667,"T2",-8.716883,3,20.282494,7.987094,5.661668,2.53940845068306
"125","Daves","41","17","164",8.328667,"3",0.413829000000001,2,18.625248,7.420498,6.075497,2.50997278080258
"126","Daves","7","17","165",8.608008,"T1",0.389062999999998,0,36.166626,11.356628,8.997071,3.18462716221752
"127","Daves","7","17","165",8.608008,"T2",4.61396,3,50.779396,16.831638,13.611031,3.01690162300306
"128","Daves","7","17","165",8.608008,"3",4.027476,4,61.166191,15.439491,17.638507,3.96167146960998
"129","Daves","31","17","166",7.948332,"T1",-1.306773,0,21.251085,6.71424,6.641559,3.16507676222476
"130","Daves","31","17","166",7.948332,"T2",0.646774,1,20.40221,6.221243,7.288333,3.27944270943925
"131","Daves","31","17","166",7.948332,"3",-6.045428,0,3.020667,0.482921,1.242905,6.25499201732789
"132","Daves","50","17","167",7.971973,"T1",-2.792018,0,15.857354,5.532254,5.179955,2.86634597760696
"133","Daves","50","17","167",7.971973,"T2",2.996942,3,28.554565,9.752631,8.176897,2.92788325529798
"134","Daves","50","17","167",7.971973,"3",8.266798,6,49.072094,13.403499,16.443695,3.66114057232369
"135","Daves","36","17","168",9.085603,"T1",2.45449,1,49.227043,15.914198,11.540093,3.09327827893055
"136","Daves","36","17","168",9.085603,"T2",3.42816,4,65.740906,24.642177,14.968253,2.66782054199189
"137","Daves","36","17","168",9.085603,"3",-8.540506,3,26.780066,10.518738,6.427747,2.54593906607428
"138","Daves","62","17","169",7.863658,"T1",1.366402,1,29.212715,8.361596,9.23006,3.49367692483588
"139","Daves","62","17","169",7.863658,"T2",7.085673,5,52.873638,17.247844,16.315733,3.06552158055233
"140","Daves","62","17","169",7.863658,"3",0.522967000000001,9,59.426945,19.735725,16.8387,3.01113564361076
"141","Daves","44","17","170",8.727191,"T1",0.977880000000001,1,32.545475,10.614999,9.705071,3.0659894551097
"142","Daves","44","17","170",8.727191,"T2",9.101,9,59.350796,17.708214,18.806071,3.35159694817332
"143","Daves","44","17","170",8.727191,"3",4.191075,9,66.832901,17.026674,22.997146,3.92518826636371
"144","Daves","31","18","172",9.350462,"T1",-5.857568,0,9.109948,3.300032,3.492894,2.76056353392937
"145","Daves","31","18","172",9.350462,"T2",8.41888,8,18.845869,5.259019,11.911774,3.58353316464535
"146","Daves","31","18","172",9.350462,"3",-0.0790999999999986,8,26.944014,6.900197,11.832674,3.90481807983163
"147","Daves","41","18","173",7.699077,"T1",2.737198,2,28.753035,7.224271,10.436275,3.98006041024762
"148","Daves","41","18","173",7.699077,"T2",0.864599,4,23.26399,4.728506,11.300874,4.91994511585689
"149","Daves","41","18","173",7.699077,"3",9.54053,9,50.408398,12.937525,20.841404,3.89629376561591
"150","Daves","36","18","174",8.970528,"T1",1.662301,0,48.729031,16.662611,10.632829,2.92445349651384
"151","Daves","36","18","174",8.970528,"T2",4.580574,6,44.346626,12.594452,15.213403,3.52112390439854
"152","Daves","36","18","174",8.970528,"3",13.822218,7,105.032837,30.254705,29.035621,3.47161993481675
"153","Daves","3","18","175",8.098509,"T1",1.06432,0,33.051388,11.518316,9.162829,2.86946355699913
"154","Daves","3","18","175",8.098509,"T2",7.29329,5,51.703407,15.604707,16.456119,3.31332123057485
"155","Daves","3","18","175",8.098509,"3",6.647696,7,77.96022,22.878942,23.103815,3.40750984027146
"156","Daves","50","18","176",7.948463,"T1",-2.105368,0,22.757982,7.100817,5.843095,3.20498077897234
"157","Daves","50","18","176",7.948463,"T2",7.020643,7,30.136803,8.180342,12.863738,3.6840517181311
"158","Daves","50","18","176",7.948463,"3",7.465558,7,66.372727,17.95784,20.329296,3.69603064733843
"159","Daves","62","19","181",8.396349,"T1",6.709791,6,44.4189,11.665718,15.10614,3.8076439015584
"160","Daves","62","19","181",8.396349,"T2",-10.955099,0,21.617184,7.496063,4.151041,2.88380500537415
"161","Daves","62","19","181",8.396349,"3",1.249852,5,32.175705,12.151731,5.400893,2.64782893893882
"162","Daves","41","19","183",7.021056,"T1",1.854111,2,30.837639,8.111876,8.875167,3.80154220799233
"163","Daves","36","19","184",8.847122,"T1",1.300966,0,40.214859,10.955915,10.148088,3.67060706476821
"164","Daves","36","19","184",8.847122,"T2",4.74009,4,51.134235,16.485195,14.888178,3.10182773088216
"165","Daves","36","19","184",8.847122,"3",6.947121,5,79.918831,22.352002,21.835299,3.57546634972563
"166","Daves","1","19","185",7.847682,"T1",-2.784909,0,18.381779,5.783737,5.062773,3.17818375904714
"167","Daves","3","19","186",7.487703,"T1",-4.321374,0,13.856845,3.793151,3.166329,3.65312243040153
"168","Daves","3","19","186",7.487703,"T2",4.710729,3,30.938227,11.121921,7.877058,2.78173410870298
"169","Daves","3","19","186",7.487703,"3",7.225135,9,52.917068,17.824001,15.102193,2.96886585677368
"170","Daves","7","19","189",6.692168,"T1",-2.200713,0,14.582355,5.318908,4.491455,2.74160692382722
"171","Daves","7","19","189",6.692168,"T2",0.594196,0,24.932856,9.081117,5.085651,2.74557149742702
"172","Daves","7","19","189",6.692168,"3",1.499187,7,37.621845,12.875258,6.584838,2.92202649453704
"173","Daves","13","19","190",7.277697,"T1",-2.536958,0,11.745921,3.377893,4.740739,3.47729220552575
"174","Daves","13","19","190",7.277697,"T2",3.122164,3,17.915258,26.578363,7.862903,0.674054229750719
"175","Daves","13","19","190",7.277697,"3",3.235927,4,28.363359,7.805259,11.09883,3.63387800456077
"176","Daves","36","20","191",10.568982,"T1",2.177551,0,57.279846,16.266992,12.746533,3.52123158356505
"177","Daves","36","20","191",10.568982,"T2",7.53106,6,74.760414,25.569857,20.277593,2.92377129836901
"178","Daves","36","20","191",10.568982,"3",0.846021,7,82.986778,27.257402,21.123614,3.04455934575129
"179","Daves","3","20","197",8.128202,"T1",0.766925000000001,1,29.770573,6.684167,8.895127,4.45389425488621
"180","Daves","3","20","197",8.128202,"T2",-0.494776,1,30.078642,7.843593,8.400351,3.83480402412517
"181","Daves","3","20","197",8.128202,"3",3.532331,11,45.811008,11.577204,11.932682,3.95700101682582
"182","Daves","50","20","198",9.018113,"T1",-6.31082,0,14.667831,4.398061,2.707293,3.33506765822484
"183","Daves","50","20","198",9.018113,"T2",3.525163,3,26.543949,10.593328,6.232456,2.50572331943276
"184","Daves","50","20","198",9.018113,"3",0.290646,8,36.104282,11.395525,6.523102,3.16828597190564
"185","Daves","13","20","199",9.327672,"T1",4.425791,4,42.101017,10.305994,13.753463,4.08510008835635
"186","Daves","13","20","199",9.327672,"T2",8.896587,9,61.500721,15.088989,22.65005,4.07586757469304
"187","Daves","13","20","199",9.327672,"3",-18.306641,0,17.643322,5.402658,4.343409,3.26567441433457
"188","Daves","7","20","200",7.380193,"T1",2.186013,1,35.743416,10.543445,9.566206,3.390107882196
"189","Daves","7","20","200",7.380193,"T2",3.053521,4,44.868423,14.618066,12.619727,3.06938161313542
"190","Daves","7","20","200",7.380193,"3",8.817281,12,74.484734,22.369202,21.437008,3.32978950254908
"191","Looe","1","1","7",6.418923,"T1",-2.880111,0,10.80739,2.539223,3.538812,4.25617994165932
"192","Looe","1","1","7",6.418923,"T2",1.587423,1,20.430603,5.824276,5.126235,3.50783565201924
"193","Looe","1","1","7",6.418923,"3",8.881372,10,38.837135,9.262885,14.007607,4.19276877560285
"194","Looe","44","1","8",9.755547,"T1",-0.668787,0,37.006336,11.20496,9.08676,3.30267452985107
"195","Looe","44","1","8",9.755547,"T2",-5.216207,0,9.961702,2.824832,3.870553,3.52647591077983
"196","Looe","44","1","8",9.755547,"3",0.683781,0,23.143555,5.990506,4.554334,3.86337230945099
"197","Looe","36","1","9",8.978914,"T1",1.448265,1,47.086426,15.693013,10.427179,3.0004707190391
"198","Looe","36","1","9",8.978914,"T2",7.572397,8,60.739243,20.512135,17.999576,2.96113705374892
"199","Looe","36","1","9",8.978914,"3",7.772409,8,87.274506,26.265743,25.771985,3.32275032158809
"200","Looe","3","1","10",6.081557,"T1",-2.537717,0,11.461655,4.182313,3.54384,2.74050627009504
"201","Looe","3","1","10",6.081557,"T2",-0.166814,0,12.377607,4.770943,3.377026,2.59437327169912
"202","Looe","3","1","10",6.081557,"3",4.159386,5,18.991714,3.830088,7.536412,4.95855813234579
"203","Looe","31","2","13",7.499077,"T1",2.220017,2,31.779095,9.311156,9.719094,3.41301284179966
"204","Looe","31","2","13",7.499077,"T2",6.917599,5,42.340969,10.875709,16.636693,3.89316862008721
"205","Looe","31","2","13",7.499077,"3",6.338041,8,58.867455,16.017855,22.974734,3.67511473914578
"206","Looe","50","2","14",8.623048,"T1",-3.786872,0,18.257015,6.348895,4.836176,2.87562087575869
"207","Looe","50","2","14",8.623048,"T2",3.375351,4,25.958935,6.542173,8.211527,3.96793771733031
"208","Looe","50","2","14",8.623048,"3",5.363517,4,50.427799,61.216076,13.575044,0.823767256823191
"209","Looe","41","2","15",8.723368,"3",6.670638,6,42.242546,11.660167,16.005532,3.62280797522025
"210","Looe","3","2","17",8.186712,"T1",1.558719,2,34.959736,8.75993,9.745431,3.99086933343075
"211","Looe","3","2","17",8.186712,"T2",8.701182,6,51.943336,13.978547,18.446613,3.71593242130244
"212","Looe","3","2","17",8.186712,"3",9.594851,6,86.64621,20.859487,28.041464,4.15380349478393
"213","Looe","7","2","18",8.401778,"T1",3.382245,3,48.566368,18.294244,11.784023,2.65473489913002
"214","Looe","7","2","18",8.401778,"T2",1.679764,3,55.038883,22.259438,13.463787,2.47260883226252
"215","Looe","7","2","18",8.401778,"3",6.486411,6,78.203522,29.30452,19.950198,2.66865050169735
"216","Looe","36","2","19",10.431457,"T1",0.78828,2,46.525528,13.473049,11.219737,3.45322933212816
"217","Looe","36","2","19",10.431457,"T2",1.564647,3,46.778488,14.5315,12.784384,3.21910938306438
"218","Looe","36","2","19",10.431457,"3",4.748617,6,62.330208,17.750748,17.533001,3.5114130401716
"219","Looe","3","3","21",7.282414,"3",8.188812,8,69.028954,18.428091,20.054125,3.74585484736319
"220","Looe","1","3","29",7.14955,"T1",0.947509,0,27.146021,7.548593,8.097059,3.59616964379984
"221","Looe","1","3","29",7.14955,"T2",4.192458,5,39.602345,12.95707,12.289517,3.05642749479628
"222","Looe","1","3","29",7.14955,"3",5.985108,5,56.38739,17.42933,18.274625,3.23520123837233
"223","Looe","36","3","30",10.165267,"T1",2.616101,2,46.83419,14.004825,12.781368,3.34414674942386
"224","Looe","36","3","30",10.165267,"T2",5.967882,4,71.952621,23.265945,18.74925,3.0926154514678
"225","Looe","36","3","30",10.165267,"3",13.625418,6,113.907738,35.308526,32.374668,3.22606891038159
"226","Looe","41","4","31",9.481329,"T1",-6.22267,0,9.267052,2.584831,3.258659,3.58516746355951
"227","Looe","41","4","31",9.481329,"T2",1.71735,2,11.805236,2.747195,4.976009,4.29719623106478
"228","Looe","41","4","31",9.481329,"3",4.550169,4,21.281168,3.567966,9.526178,5.96450975149427
"229","Looe","50","4","32",8.316473,"T1",-4.858593,0,7.835121,2.641344,3.45788,2.96633872755688
"230","Looe","50","4","32",8.316473,"T2",3.746616,3,17.329813,4.792838,7.204496,3.61577274257966
"231","Looe","50","4","32",8.316473,"3",5.129924,5,30.504725,9.226396,12.33442,3.30624493030648
"232","Looe","44","4","34",8.729765,"T1",2.551257,3,35.427418,8.965813,11.281022,3.95138934974441
"233","Looe","44","4","34",8.729765,"T2",10.744825,9,64.214607,16.624434,22.025847,3.86266425671996
"234","Looe","44","4","34",8.729765,"3",17.170601,14,122.435493,29.644083,39.196448,4.13018318023195
"235","Looe","36","4","35",8.733731,"T1",-5.784838,0,8.468132,2.375182,2.948893,3.56525605195728
"236","Looe","36","4","35",8.733731,"T2",0.130537,0,8.84881,3.520137,3.07943,2.51376864025463
"237","Looe","36","4","35",8.733731,"3",1.097659,1,12.91698,4.495011,4.177089,2.87362589324031
"238","Looe","62","4","36",9.054286,"T1",1.271587,2,34.594418,11.720816,10.325873,2.95153665069053
"239","Looe","62","4","36",9.054286,"T2",8.036144,6,61.777515,20.337469,18.362017,3.0376206105096
"240","Looe","62","4","36",9.054286,"3",10.989142,7,98.735619,98.735619,29.351159,1
"241","Looe","1","4","40",8.239419,"T1",-4.878939,0,10.487484,3.423063,3.36048,3.06377183242026
"242","Looe","1","4","40",8.239419,"T2",0.452345,0,15.449011,5.106386,3.812825,3.02542953078753
"243","Looe","1","4","40",8.239419,"3",6.39122,6,24.447165,7.101753,10.204045,3.44241273950249
"244","Looe","31","5","41",8.032514,"T1",3.923329,2,35.784378,9.610044,11.955843,3.72364351297455
"245","Looe","31","5","41",8.032514,"T2",7.205418,6,57.046818,15.351737,19.161261,3.71598458207042
"246","Looe","31","5","41",8.032514,"3",-15.616602,0,18.801893,5.208757,3.544659,3.60966983101727
"247","Looe","44","5","42",9.608008,"T1",2.062668,0,46.907261,14.416803,11.670676,3.2536520752902
"248","Looe","44","5","42",9.608008,"T2",10.863033,7,76.865707,21.901602,22.533709,3.50959290557832
"249","Looe","44","5","42",9.608008,"3",11.2436,10,102.443817,28.911844,33.777309,3.54331660754672
"250","Looe","50","5","43",9.033994,"T1",0.562246999999999,0,35.937489,10.396668,9.596241,3.45663524121382
"251","Looe","50","5","43",9.033994,"T2",6.01375,5,52.005932,15.469425,15.609991,3.36185294540683
"252","Looe","50","5","43",9.033994,"3",18.161652,10,105.853546,27.302933,33.771643,3.87700273813073
"253","Looe","62","5","44",9.342276,"3",14.385007,12,133.509644,40.202798,42.333355,3.32090428133883
"254","Looe","36","5","45",10.082263,"T1",3.421289,2,63.915806,20.790739,13.503552,3.07424406607192
"255","Looe","36","5","45",10.082263,"T2",5.080776,6,70.905319,22.159532,18.584328,3.19976608711772
"256","Looe","36","5","45",10.082263,"3",5.172326,8,62.575073,17.147867,23.756654,3.64914615911122
"257","Looe","13","5","47",7.899937,"T1",0.449070999999999,0,22.475918,5.724079,8.349008,3.92655621978662
"258","Looe","13","5","47",7.899937,"T2",2.066666,3,28.143629,7.63969,10.415674,3.68387054972126
"259","Looe","13","5","47",7.899937,"3",6.773995,6,47.589409,12.836483,17.189669,3.70735574533928
"260","Looe","1","5","48",7.014389,"3",12.180828,12,77.171249,20.92617,26.898161,3.68778658493169
"261","Looe","41","5","49",9.559787,"T1",4.156192,4,41.241703,9.988583,13.715979,4.12888424714497
"262","Looe","41","5","49",9.559787,"T2",4.148482,7,50.417301,12.434993,17.864461,4.05446959238337
"263","Looe","41","5","49",9.559787,"3",6.145105,7,70.38485,17.946483,24.009566,3.92192999597748
"264","Looe","3","5","50",7.707844,"T1",2.737967,3,32.26796,8.613577,10.445811,3.74617420846183
"265","Looe","3","5","50",7.707844,"T2",4.102414,5,40.712917,9.314672,14.548225,4.37083742723308
"266","Looe","3","5","50",7.707844,"3",1.031672,5,47.374401,12.693063,15.579897,3.73230645747209
"267","Looe","50","6","51",8.177941,"T1",4.167771,3,43.588802,13.273894,12.345712,3.28379916247636
"268","Looe","41","6","52",8.233462,"T1",3.20492,3,34.759983,9.465595,11.438382,3.67224490378048
"269","Looe","41","6","52",8.233462,"T2",7.986335,8,49.312901,11.632736,19.424717,4.23914898438338
"270","Looe","41","6","52",8.233462,"3",10.60504,10,80.138466,17.965287,30.029757,4.46073953619555
"271","Looe","13","6","53",8.024495,"T1",6.439546,6,43.859386,13.442763,14.464041,3.26267643043324
"272","Looe","13","6","53",8.024495,"T2",10.957517,11,69.063248,18.718943,25.421558,3.68948439022438
"273","Looe","13","6","53",8.024495,"3",14.621605,14,116.258614,30.795101,40.043163,3.77523080700401
"274","Looe","62","6","54",8.983609,"T1",6.968441,5,57.091125,17.627273,15.95205,3.2387950762435
"275","Looe","44","6","55",10.572797,"T1",-5.791678,1,17.494953,6.616544,4.781119,2.64412252076008
"276","Looe","44","6","55",10.572797,"T2",7.305444,7,36.606644,12.776649,12.086563,2.86512089359268
"277","Looe","44","6","55",10.572797,"3",9.955532,11,67.523178,19.042744,22.042095,3.54587437608782
"278","Looe","7","6","56",6.512749,"T1",1.195628,0,27.363729,8.4259,7.708377,3.24757343429189
"279","Looe","7","6","56",6.512749,"T2",2.626643,4,31.929022,9.660095,10.33502,3.30524927549884
"280","Looe","7","6","56",6.512749,"3",2.589873,4,38.23521,10.81519,12.924893,3.53532485328506
"281","Looe","31","6","58",7.813678,"T1",-5.202126,0,4.27561,1.492453,2.611552,2.86482053371195
"282","Looe","31","6","58",7.813678,"T2",0.938502,3,8.113086,2.552066,3.550054,3.17902671796106
"283","Looe","31","6","58",7.813678,"3",2.249653,2,11.666709,3.808637,5.799707,3.06322419280178
"284","Looe","3","6","59",6.706171,"T1",1.88409,0,31.16888,9.383396,8.590261,3.32170570228519
"285","Looe","3","6","59",6.706171,"T2",5.072304,6,47.254837,14.460211,13.662565,3.26792167832129
"286","Looe","3","6","59",6.706171,"3",-10.050023,0,11.281585,2.647925,3.612542,4.26053796840923
"287","Looe","1","6","60",7.806027,"T1",1.139592,0,34.373749,10.427292,8.945619,3.29651735081361
"288","Looe","1","6","60",7.806027,"T2",9.782119,9,55.624252,16.267084,18.727738,3.41943596037249
"289","Looe","1","6","60",7.806027,"3",12.576545,13,98.990509,27.890305,31.304283,3.54928026064971
"290","Looe","44","7","61",8.805228,"T1",2.043267,1,47.239841,15.846803,10.848495,2.98103289351171
"291","Looe","44","7","61",8.805228,"T2",15.342545,9,85.85009,29.529495,26.19104,2.90726576936043
"292","Looe","44","7","61",8.805228,"3",13.693184,10,132.357483,36.945382,39.884224,3.58251764726644
"293","Looe","13","7","62",6.775881,"T1",4.749589,3,36.163883,9.940755,11.52547,3.63794128313191
"294","Looe","13","7","62",6.775881,"T2",5.090924,5,47.701248,13.396139,16.616394,3.56082062152386
"295","Looe","13","7","62",6.775881,"3",19.915733,10,92.382668,21.657066,36.532127,4.26570561312414
"296","Looe","50","7","63",8.363528,"T1",-2.845268,1,18.904572,5.899205,5.51826,3.20459655156924
"297","Looe","50","7","63",8.363528,"T2",4.521449,4,27.446159,7.925541,10.039709,3.46300132697566
"298","Looe","50","7","63",8.363528,"3",5.130622,4,45.886253,13.795079,15.170331,3.32627692817127
"299","Looe","1","7","64",6.846406,"T1",2.212832,2,27.538147,7.195716,9.059238,3.82701971561968
"300","Looe","1","7","64",6.846406,"T2",8.437374,10,48.345844,10.448812,17.496612,4.62692256306267
"301","Looe","1","7","64",6.846406,"3",12.608413,10,80.748276,19.935521,30.105025,4.05047232023683
"302","Looe","36","7","65",9.416637,"3",3.667839,5,37.763691,13.160899,12.562629,2.86938536645559
"303","Looe","7","7","66",6.701969,"T1",0.65993,0,29.4513,8.927819,7.361899,3.29882359846229
"304","Looe","7","7","66",6.701969,"T2",4.528066,3,45.620998,14.855828,11.889965,3.07091587220854
"305","Looe","7","7","66",6.701969,"3",2.013385,3,56.095001,18.286482,13.90335,3.06756657732198
"306","Looe","41","7","68",8.512565,"T1",1.978131,2,33.420769,8.902079,10.490696,3.75426560469751
"307","Looe","41","7","68",8.512565,"T2",7.02138,5,45.779972,12.340124,17.512076,3.70984699991669
"308","Looe","41","7","68",8.512565,"3",5.953748,6,65.222512,16.223412,23.465824,4.02027095163459
"309","Looe","3","7","69",8.235332,"T1",2.170016,2,44.64798,14.556167,10.405348,3.06728962370382
"310","Looe","3","7","69",8.235332,"T2",18.388642,10,87.920616,26.546839,28.79399,3.31190527052957
"311","Looe","3","7","69",8.235332,"3",2.561782,14,108.545319,30.041424,31.355772,3.61318820972002
"312","Looe","41","8","80",9.64374,"T1",2.050037,1,40.843174,10.510531,11.693777,3.88592869380243
"313","Looe","41","8","80",9.64374,"T2",4.755016,5,43.864468,10.36498,16.448793,4.23198771247026
"314","Looe","41","8","80",9.64374,"3",3.587818,9,56.287598,14.741439,20.036611,3.81832452042165
"315","Looe","3","9","81",6.818452,"T1",-1.146379,0,19.045889,4.327088,5.672073,4.40154880141102
"316","Looe","13","9","83",7.924602,"T1",-4.20851,0,12.355153,3.983486,3.716092,3.10159317743303
"317","Looe","13","9","83",7.924602,"T2",3.111359,3,17.936218,5.644423,6.827451,3.17768849003698
"318","Looe","13","9","83",7.924602,"3",2.511833,3,23.762045,6.645238,9.339284,3.57580044537156
"319","Looe","50","9","84",9.170886,"T1",3.053524,2,40.585434,12.299119,12.22441,3.29986513668174
"320","Looe","31","9","86",7.261439,"T1",-3.768075,0,7.164801,2.367634,3.493364,3.02614382121561
"321","Looe","31","9","86",7.261439,"T2",1.530583,1,15.846017,5.614431,5.023947,2.82237273910749
"322","Looe","31","9","86",7.261439,"3",1.69481,7,20.565062,6.852308,6.718757,3.00118762904411
"323","Looe","36","9","87",10.75372,"T1",-0.598001,1,46.448235,15.011878,10.155719,3.09409888622862
"324","Looe","36","9","87",10.75372,"T2",3.301098,4,58.307602,17.895742,13.456817,3.25818298006308
"325","Looe","36","9","87",10.75372,"3",4.135542,8,67.061905,22.216122,17.592359,3.01861436482929
"326","Looe","44","9","88",11.024885,"T1",1.80555,1,54.134998,17.883762,12.830435,3.02704755297012
"327","Looe","7","9","89",6.904873,"T1",-0.41497,0,27.097927,10.390704,6.489903,2.60790096609431
"328","Looe","41","9","90",9.866615,"T1",-7.121921,0,7.115472,2.513213,2.744694,2.83122520852789
"329","Looe","41","9","90",9.866615,"T2",-0.344387,0,7.648777,2.400307,2.400307,3.18658279961688
"330","Looe","41","9","90",9.866615,"3",0.706917,0,7.176322,1.760562,3.107224,4.07615409170481
"331","Looe","62","10","91",10.745427,"T1",3.007088,3,49.134659,17.51049,13.752515,2.80601279575843
"332","Looe","62","10","91",10.745427,"T2",10.060951,9,82.859901,28.871357,23.813466,2.86996904925529
"333","Looe","62","10","91",10.745427,"3",15.629313,9,142.622543,41.062656,39.442779,3.47329074378433
"334","Looe","3","10","94",6.601647,"T1",-3.002524,0,11.335056,3.037852,3.599123,3.73127328125267
"335","Looe","3","10","94",6.601647,"T2",4.919462,4,28.103928,10.319827,8.518585,2.72329448933592
"336","Looe","3","10","94",6.601647,"3",6.07577,6,52.204647,15.717808,14.594355,3.32136943013937
"337","Looe","41","10","95",9.511276,"T1",-4.995901,0,13.029109,4.799834,4.515375,2.71449158450063
"338","Looe","41","10","95",9.511276,"T2",2.444631,2,18.764751,5.418597,6.960006,3.46302760659263
"339","Looe","41","10","95",9.511276,"3",6.579012,5,32.54229,8.058499,13.539018,4.03825700046622
"340","Looe","7","10","96",7.132475,"T1",0.089467,0,24.338367,7.382648,7.221942,3.29669882676243
"341","Looe","7","10","96",7.132475,"T2",3.688863,3,37.229851,12.379319,10.910805,3.00742318701053
"342","Looe","7","10","96",7.132475,"3",4.144625,6,53.075668,18.293776,15.05543,2.90129648466232
"343","Looe","13","10","97",7.748622,"T1",2.916558,4,31.990791,8.718741,10.66518,3.66919845422636
"344","Looe","13","10","97",7.748622,"T2",5.451258,7,42.157932,12.693629,16.116438,3.32118829059838
"345","Looe","13","10","97",7.748622,"3",4.284469,14,59.858269,14.761193,20.400907,4.05511051850619
"346","Looe","31","10","98",7.520687,"T1",-4.127236,0,7.757694,2.63978,3.393451,2.93876535165809
"347","Looe","36","10","99",10.0802,"T1",6.126095,5,60.004448,20.517698,16.206295,2.92452145459983
"348","Looe","36","10","99",10.0802,"T2",-12.999637,0,17.46353,6.879683,3.206658,2.53842073828111
"349","Looe","36","10","99",10.0802,"3",1.779617,1,24.504335,8.396603,4.986275,2.91836293796432
"350","Looe","50","10","100",8.94447,"T1",4.808645,3,48.095222,13.464642,13.753115,3.57196440870838
"351","Looe","50","10","100",8.94447,"T2",16.873711,10,83.099945,22.250244,30.626826,3.73478803198743
"352","Looe","50","10","100",8.94447,"3",21.838765,16,153.755615,38.34206,52.465591,4.01010313478201
"353","Daves","7","11","106",9.553802,"T1",-3.656907,0,24.609592,6.755872,5.896895,3.64269660526428
"354","Daves","7","11","106",9.553802,"T2",2.920105,3,31.757929,9.773219,8.817,3.24948504684076
"355","Daves","3","11","107",7.475078,"T1",-2.136966,1,23.041569,7.56591,5.338112,3.04544582211525
"356","Daves","3","11","107",7.475078,"T2",3.866617,5,36.76543,11.580167,9.204729,3.17486181330546
"357","Daves","3","13","123",8.112431,"T1",-4.400366,0,10.72558,3.332844,3.712065,3.21814642389503
"358","Daves","3","13","123",8.112431,"T2",1.927634,2,15.322263,4.016599,5.639699,3.81473555114663
"359","Daves","1","17","162",8.212301,"T1",3.896547,3,39.639328,10.565591,12.108848,3.75173788196041
"360","Daves","1","17","162",8.212301,"T2",6.077736,8,65.540253,20.595974,18.186584,3.1821875964691
"361","Daves","62","18","178",7.560893,"T1",2.396397,2,30.923216,9.1494,9.95729,3.37980807484644
"362","Daves","62","18","178",7.560893,"T2",2.356538,2,42.629303,11.956681,12.313828,3.5653123973116
"363","Daves","31","19","182",10.151221,"T1",4.404013,5,46.88958,12.634087,14.555234,3.71135484503154
"364","Daves","31","19","182",10.151221,"T2",11.911072,11,68.16761,18.510569,26.466306,3.68263179808249
"365","Daves","50","19","188",8.2502,"T1",3.645612,4,36.467064,10.053769,11.895812,3.62720329062663
"366","Daves","50","19","188",8.2502,"T2",-6.139422,3,17.785343,6.314398,5.75639,2.81663319290295
"367","Daves","31","20","192",8.828995,"T1",2.115717,2,36.022923,9.99266,10.944712,3.60493832473035
"368","Daves","31","20","192",8.828995,"T2",10.886019,9,58.912815,15.978183,21.830731,3.68707849947644
"369","Daves","1","20","193",6.505289,"T1",1.33064,0,30.415649,7.548234,7.835929,4.02950531210347
"370","Daves","1","20","193",6.505289,"T2",6.150555,9,41.881248,11.711742,13.986484,3.5760050042086
"371","Looe","50","3","24",8.571006,"T1",-3.502496,0,18.370447,6.84569,5.06851,2.683505534139
"372","Looe","50","3","24",8.571006,"T2",4.490322,4,33.91573,12.592319,9.558832,2.69336648793602
"373","Looe","31","3","27",7.555062,"T1",1.757261,4,23.983887,5.742511,9.312323,4.17655046720851
"374","Looe","31","3","27",7.555062,"T2",5.685271,6,44.679241,11.203068,14.997594,3.98812548491181
"375","Looe","36","6","57",10.124927,"T1",2.86451,1,51.547001,16.821196,12.989437,3.06440760811538
"376","Looe","36","6","57",10.124927,"T2",4.983454,5,67.133377,19.798294,17.972891,3.3908667585197
"377","Looe","62","8","73",8.89148,"T1",3.858205,5,42.073643,12.907367,12.749685,3.25966116869537
"378","Looe","62","8","73",8.89148,"T2",2.552714,7,41.94553,11.716337,15.302399,3.58008906708641
"379","Looe","31","8","75",6.482586,"T1",1.512979,2,25.996738,7.46622,7.995565,3.48191427522896
"380","Looe","31","8","75",6.482586,"T2",3.790892,4,27.268524,6.34478,11.786457,4.2977887334155
"381","Looe","36","8","77",9.617987,"T1",-6.25561,0,16.315872,5.427978,3.362377,3.0058839589991
"382","Looe","36","8","77",9.617987,"T2",-1.161666,0,6.219167,2.543643,2.200711,2.44498422144932
"383","Looe","62","9","82",8.779782,"T1",-4.635448,0,4.992687,13.423357,4.144334,0.371940267997044
"384","Looe","62","9","82",8.779782,"T2",0.395513,0,13.564935,4.681876,4.539847,2.89732897667516
"385","Looe","1","9","85",9.584589,"T1",-3.415328,0,18.629633,6.634934,6.169261,2.80780984407682
"386","Looe","1","9","85",9.584589,"T2",2.45069,3,26.858564,9.279202,8.619951,2.89449071159352
"387","Looe","1","10","93",6.595071,"T1",-2.236972,0,13.338959,4.165022,4.358099,3.20261429591488
"388","Looe","1","10","93",6.595071,"T2",1.204962,0,23.663908,8.173213,5.563061,2.89530053847856
"389","Daves","41","11","105",7.431202,"T1",-6.427415,0,2.864377,0.411392,1.003787,6.96264633245177
"390","Daves","36","11","110",8.522375,"T1",-4.779865,1,13.69286,4.374237,3.74251,3.13034250316112
"391","Daves","41","16","155",7.17699,"T1",-5.019661,0,5.376648,1.282656,2.157329,4.19180824788564
"392","Looe","13","3","22",6.342104,"T1",-4.011387,0,5.071473,1.302356,2.330717,3.89407581337207
"393","Daves","50","11","104",NA,"3",NA,0,11.821035,2.964593,3.502566,3.98740569110161
"394","Daves","50","12","119",NA,"3",NA,10,41.925243,9.297899,18.25476,4.50910931598633
"395","Daves","13","13","127",NA,"3",NA,0,9.737983,2.018868,3.510168,4.8234867262248
"396","Daves","41","19","183",NA,"3",NA,9,54.611816,12.157468,18.845224,4.49203863830857
"397","Daves","1","19","185",NA,"3",NA,12,39.644466,11.990939,11.747847,3.30620195799512
"398","Looe","7","5","46",NA,"3",NA,4,40.935078,12.50001,10.587502,3.2748036201571
"399","Looe","50","6","51",NA,"3",NA,15,106.727562,28.684597,32.494513,3.7207272599995
"400","Looe","62","6","54",NA,"3",NA,7,123.36644,37.231428,32.624599,3.31350277512858
"401","Looe","3","9","81",NA,"3",NA,0,20.984846,5.488791,5.905411,3.82321826427714
"402","Looe","50","9","84",NA,"3",NA,5,86.970909,23.421616,29.122472,3.71327533505801
"403","Looe","44","9","88",NA,"3",NA,14,146.985825,43.088352,43.910477,3.41126587992968
"404","Looe","7","9","89",NA,"3",NA,6,76.893661,27.020436,17.959284,2.84575944666474
"405","Looe","31","10","98",NA,"3",NA,5,21.675947,4.959636,7.458157,4.37047134104196
"406","Daves","41","12","112",NA,"T2",NA,8,58.471157,16.534743,20.60426,3.5362604063456
"407","Daves","41","14","135",NA,"T2",NA,0,12.975348,4.059011,4.546726,3.19667722014057
"408","Daves","7","14","136",NA,"T2",NA,0,29.598276,12.469373,3.731683,2.37367797081698
"409","Daves","3","14","137",NA,"T2",NA,3,30.091993,10.462178,7.572367,2.87626467452571
"410","Daves","44","15","142",NA,"T2",NA,0,19.891045,7.313998,4.119504,2.71958578605026
"411","Daves","3","16","153",NA,"T2",NA,22,99.452744,27.420685,37.748606,3.62692412680427
"412","Daves","44","18","180",NA,"T2",NA,4,34.884834,9.982869,12.817006,3.49446977617356
"413","Looe","41","2","15",NA,"T2",NA,2,28.895887,9.608,9.334894,3.00748199417152
"414","Looe","3","3","21",NA,"T2",NA,5,41.15789,11.750795,11.865313,3.5025621670704
"415","Looe","13","4","33",NA,"T2",NA,0,10.391867,2.413172,4.588218,4.30631011796921
"416","Looe","62","5","44",NA,"T2",NA,11,86.026634,25.924826,27.948348,3.31831095028372
"417","Looe","1","5","48",NA,"T2",NA,5,46.218544,12.897208,14.717333,3.58360848332445
"418","Looe","36","7","65",NA,"T2",NA,4,27.140404,10.648322,8.89479,2.54879632678275
"419","Daves","3","11","107",NA,"T0",NA,0,20.5802972503586,4.18443849203534,7.475078,4.91829364669385
"420","Daves","13","11","109",NA,"T0",NA,0,27.8597128742587,6.04770577855314,9.430051,4.60665811042876
"421","Daves","1","11","102",NA,"T0",NA,0,22.9606301329214,4.75752476417912,8.351011,4.8261714380972
"422","Daves","41","11","105",NA,"T0",NA,0,9.74866071992688,3.51542136052536,7.431202,2.77311301268022
"423","Daves","36","11","110",NA,"T0",NA,0,31.0125342872708,8.06888562325063,8.522375,3.84347179217756
"424","Daves","44","11","108",NA,"T0",NA,0,20.5500941399539,3.95332899561469,7.973911,5.19817454169626
"425","Daves","50","11","104",NA,"T0",NA,0,24.5353921686867,5.26948328471965,8.368973,4.65612866442408
"426","Daves","7","11","106",NA,"T0",NA,0,34.4990441074236,9.33247431718544,9.553802,3.69666638609385
"427","Daves","31","11","101",NA,"T0",NA,0,30.0083273198635,6.8979917473096,9.973947,4.35029910431069
"428","Daves","44","12","114",NA,"T0",NA,0,27.848955960527,3.03467540710448,8.069067,9.17691424108482
"429","Daves","7","12","111",NA,"T0",NA,0,34.0759634502606,10.3303997036779,8.356634,3.29861035658947
"430","Daves","1","12","113",NA,"T0",NA,0,22.4773807334876,4.91972201116134,7.770432,4.56883146700024
"431","Daves","41","12","112",NA,"T0",NA,0,25.1466538227569,5.49549323759106,8.595634,4.57586839535079
"432","Daves","3","12","117",NA,"T0",NA,0,22.0372753310957,4.77719297890572,7.280578,4.61301760854209
"433","Daves","13","12","120",NA,"T0",NA,0,19.9860975372938,3.74922701844874,7.824861,5.33072482379665
"434","Daves","31","12","116",NA,"T0",NA,0,23.3538523055691,4.86459893057916,7.548528,4.80077651597656
"435","Daves","36","12","118",NA,"T0",NA,0,25.2819778429058,5.62479525434043,8.524968,4.49473744371348
"436","Daves","50","12","119",NA,"T0",NA,0,20.2484216960386,4.03210971525232,7.416405,5.02179333549497
"437","Daves","1","13","128",NA,"T0",NA,0,29.4044354529619,6.6699316936951,8.849915,4.40850623414285
"438","Daves","36","13","122",NA,"T0",NA,0,32.5235251449308,8.38453303344351,8.965698,3.87899063850112
"439","Daves","31","13","130",NA,"T0",NA,0,32.8587360786967,8.04908212594432,9.212535,4.0822960387973
"440","Daves","13","13","127",NA,"T0",NA,0,20.9653787519652,3.92822678526929,7.696587,5.33711007485226
"441","Daves","41","13","124",NA,"T0",NA,0,24.2310419226689,4.70079960046724,8.562816,5.15466388319562
"442","Daves","7","13","121",NA,"T0",NA,0,21.6401670574162,4.81357589747307,6.83135,4.49565302767458
"443","Daves","44","13","125",NA,"T0",NA,0,24.4596047853133,4.82673074662361,9.037957,5.06753039879492
"444","Daves","50","13","129",NA,"T0",NA,0,26.5509187035609,5.82834358208435,8.098215,4.55548275931696
"445","Daves","62","13","126",NA,"T0",NA,0,22.178668938838,4.65453222554993,7.480359,4.7649619476461
"446","Daves","3","13","123",NA,"T0",NA,0,24.6831283229792,5.54590563719848,8.112431,4.45069388801355
"447","Daves","31","14","139",NA,"T0",NA,0,34.2416814897365,8.18917876667028,10.415485,4.18133276429368
"448","Daves","50","14","140",NA,"T0",NA,0,22.0407306389705,4.17314577013915,8.126271,5.28156260360766
"449","Daves","41","14","135",NA,"T0",NA,0,18.4478473091233,3.40072155783912,6.942979,5.4246862012559
"450","Daves","13","14","134",NA,"T0",NA,0,23.8695935623624,5.59941405640383,7.383592,4.26287345817259
"451","Daves","36","14","138",NA,"T0",NA,0,28.9114190143943,6.76355873127702,7.994432,4.27458682079568
"452","Daves","3","14","137",NA,"T0",NA,0,25.6897789503459,5.80487139696265,8.584842,4.42555522656158
"453","Daves","7","14","136",NA,"T0",NA,0,29.7453086864906,8.29250208455692,7.428431,3.58701250638033
"454","Daves","44","14","131",NA,"T0",NA,0,30.2799514343061,6.93785997954558,9.347461,4.36445121746165
"455","Daves","7","15","141",NA,"T0",NA,0,33.9983081005932,9.97207316385474,8.732853,3.40935205167017
"456","Daves","13","15","147",NA,"T0",NA,0,22.537253906638,4.22018137294632,8.219241,5.34035196949452
"457","Daves","3","15","149",NA,"T0",NA,0,23.9692149243237,5.29347834748937,7.706176,4.5280651682824
"458","Daves","1","15","146",NA,"T0",NA,0,20.4771100944572,3.95038997452432,7.809601,5.18356674316006
"459","Daves","44","15","142",NA,"T0",NA,0,23.2313508904795,5.45903975390716,7.057614,4.25557459512037
"460","Daves","36","15","150",NA,"T0",NA,0,21.3513184518196,4.84434929323878,7.11911,4.40746881766339
"461","Daves","41","15","148",NA,"T0",NA,0,21.6780972972862,3.78611635611142,8.417048,5.72568174305952
"462","Daves","62","15","144",NA,"T0",NA,0,31.8474125062054,28.1708046864491,9.593583,1.13051128147308
"463","Daves","50","15","145",NA,"T0",NA,0,23.8861836264173,4.20394166209065,7.516004,5.68185420882803
"464","Daves","3","16","153",NA,"T0",NA,0,37.5825130982806,9.77513165820056,10.190786,3.84470658937385
"465","Daves","62","16","159",NA,"T0",NA,0,28.2848362501099,6.63774255767722,8.553196,4.2612132067996
"466","Daves","1","16","152",NA,"T0",NA,0,18.2262485448389,3.46126175171988,7.226232,5.26578162884746
"467","Daves","44","16","156",NA,"T0",NA,1,43.8089842751163,11.4986498227557,10.789007,3.80992420418082
"468","Daves","41","16","155",NA,"T0",NA,0,19.5709216072948,3.63517784542585,7.17699,5.38375904549511
"469","Daves","13","16","151",NA,"T0",NA,0,20.0336145147729,3.68606727532241,7.271248,5.43495628766585
"470","Daves","31","16","157",NA,"T0",NA,0,26.0785152143275,5.36824648191581,8.172715,4.85792060818725
"471","Daves","36","16","158",NA,"T0",NA,0,33.98749352478,8.49412230277186,8.523751,4.00129552098502
"472","Daves","62","17","169",NA,"T0",NA,0,27.504534690598,6.83732614844756,7.863658,4.0227033336479
"473","Daves","36","17","168",NA,"T0",NA,0,30.5791083671139,7.37787616338586,9.085603,4.14470339294506
"474","Daves","41","17","164",NA,"T0",NA,0,25.2655222519387,5.38210737413127,8.328667,4.6943549237564
"475","Daves","1","17","162",NA,"T0",NA,0,24.9453534558294,5.465827456103,8.212301,4.56387503194527
"476","Daves","44","17","170",NA,"T0",NA,1,27.8429312918514,6.62555784936509,8.727191,4.20235275653348
"477","Daves","50","17","167",NA,"T0",NA,1,22.9214745539413,4.73152155248589,7.971973,4.8444193479154
"478","Daves","31","17","166",NA,"T0",NA,0,21.8192731357948,4.27125349535006,7.948332,5.10840041677428
"479","Daves","13","17","163",NA,"T0",NA,0,23.5962309895843,4.65499617552356,8.219562,5.06901189600448
"480","Daves","7","17","165",NA,"T0",NA,0,31.2131074590415,8.18283684670314,8.608008,3.814460442483
"481","Daves","41","18","173",NA,"T0",NA,0,22.4864240301142,4.54077441733744,7.699077,4.95211212084381
"482","Daves","3","18","175",NA,"T0",NA,0,28.9306519772093,7.49823266654212,8.098509,3.85832945759349
"483","Daves","50","18","176",NA,"T0",NA,0,25.0260022927802,5.61127625077701,7.948463,4.4599483565463
"484","Daves","62","18","178",NA,"T0",NA,0,23.2986946011511,5.13196235817193,7.560893,4.53991923071128
"485","Daves","36","18","174",NA,"T0",NA,0,31.2688219745909,7.98593482498237,8.970528,3.91548674762193
"486","Daves","31","18","172",NA,"T0",NA,0,28.8263309952607,5.84170761856998,9.350462,4.93457271014827
"487","Daves","44","18","180",NA,"T0",NA,0,19.4630208722917,3.99993334356,7.023495,4.86583630290432
"488","Daves","1","19","185",NA,"T0",NA,0,22.9000814757767,5.08791348003416,7.847682,4.50087871298136
"489","Daves","3","19","186",NA,"T0",NA,0,20.6794887369666,4.23195089326332,7.487703,4.88651434256608
"490","Daves","7","19","189",NA,"T0",NA,0,19.6128339151408,4.02492373675144,6.692168,4.87284609545683
"491","Daves","13","19","190",NA,"T0",NA,0,18.8884416264408,3.39980486466943,7.277697,5.5557428671064
"492","Daves","50","19","188",NA,"T0",NA,0,26.9033163418588,5.94923779828174,8.2502,4.52214506362967
"493","Daves","31","19","182",NA,"T0",NA,0,32.6167345227096,7.55497240912098,10.151221,4.31725395625958
"494","Daves","36","19","184",NA,"T0",NA,0,30.9334308256169,7.91730065484616,8.847122,3.90706784725708
"495","Daves","62","19","181",NA,"T0",NA,0,25.8293458470191,5.69171717381186,8.396349,4.53805856093173
"496","Daves","41","19","183",NA,"T0",NA,0,21.9213138242854,4.75817411995842,7.021056,4.60708525405475
"497","Daves","7","20","200",NA,"T0",NA,0,24.4970518937503,6.02454902033764,7.380193,4.06620509038159
"498","Daves","50","20","198",NA,"T0",NA,0,30.2203986517411,6.69552880656428,9.018113,4.51351932383789
"499","Daves","13","20","199",NA,"T0",NA,0,29.8078440649043,6.27761672700754,9.327672,4.74827396465049
"500","Daves","31","20","192",NA,"T0",NA,0,26.3576748793754,5.61612385585564,8.828995,4.69321467187617
"501","Daves","1","20","193",NA,"T0",NA,0,18.8208496480611,4.02519524086114,6.505289,4.67576068286183
"502","Daves","36","20","191",NA,"T0",NA,0,36.6995637165455,8.68182760827427,10.568982,4.22717028861167
"503","Daves","3","20","197",NA,"T0",NA,0,23.8231757614086,4.70490178290754,8.128202,5.06347993234543
"504","Looe","1","1","7",NA,"T0",NA,0,16.6182386777574,3.60207149470096,6.418923,4.61352271941427
"505","Looe","3","1","10",NA,"T0",NA,0,16.3260820684867,3.43354609683336,6.081557,4.75487487514546
"506","Looe","36","1","9",NA,"T0",NA,0,39.5794758223108,11.2781195691377,8.978914,3.50940381325794
"507","Looe","44","1","8",NA,"T0",NA,0,32.9305879262389,7.89758823205133,9.755547,4.16970180752074
"508","Looe","41","2","15",NA,"T0",NA,0,26.6698742420169,5.90036201803937,8.723368,4.52004032303072
"509","Looe","50","2","14",NA,"T0",NA,0,28.2963066681588,5.74704857481806,8.623048,4.92362406542817
"510","Looe","7","2","18",NA,"T0",NA,0,36.1738853884279,11.3541404165822,8.401778,3.18596424398605
"511","Looe","36","2","19",NA,"T0",NA,0,42.2135108036163,9.45777240418876,10.431457,4.46336716507582
"512","Looe","3","2","17",NA,"T0",NA,0,25.1183676880221,5.11935164940668,8.186712,4.9065525105964
"513","Looe","31","2","13",NA,"T0",NA,0,23.0373037969593,5.34791981492587,7.499077,4.30771301631393
"514","Looe","31","3","27",NA,"T0",NA,0,20.0935818718479,3.87412373621288,7.555062,5.18661334536779
"515","Looe","3","3","21",NA,"T0",NA,0,25.6769660573586,6.6013738472966,7.282414,3.88963974035099
"516","Looe","50","3","24",NA,"T0",NA,0,27.1686084319059,6.38178125765401,8.571006,4.257213986976
"517","Looe","13","3","22",NA,"T0",NA,0,17.7303846858281,3.70331688577662,6.342104,4.78770389699176
"518","Looe","1","3","29",NA,"T0",NA,0,20.569193177109,4.44066274941443,7.14955,4.63200975571076
"519","Looe","36","3","30",NA,"T0",NA,0,32.3393480998902,7.59521854725886,10.165267,4.2578561628831
"520","Looe","62","4","36",NA,"T0",NA,0,31.2221568016546,7.88735549819184,9.054286,3.95850761498099
"521","Looe","13","4","33",NA,"T0",NA,0,22.392336073995,5.0183452391533,7.309912,4.46209557271772
"522","Looe","44","4","34",NA,"T0",NA,0,29.2589753717227,6.96643615279759,8.729765,4.19999189398626
"523","Looe","36","4","35",NA,"T0",NA,0,26.0720226175571,5.65220144785539,8.733731,4.61271999203949
"524","Looe","1","4","40",NA,"T0",NA,0,26.2306148438811,5.69472068566005,8.239419,4.60612842872746
"525","Looe","41","4","31",NA,"T0",NA,0,25.7426814630113,4.79130486548354,9.481329,5.37279137640792
"526","Looe","50","4","32",NA,"T0",NA,0,24.7531848746972,4.95485645250385,8.316473,4.99574207890294
"527","Looe","31","5","41",NA,"T0",NA,0,20.2922105099042,3.88074492938708,8.032514,5.22894724573129
"528","Looe","3","5","50",NA,"T0",NA,0,20.7692846624078,4.14091045031751,7.707844,5.01563241021435
"529","Looe","62","5","44",NA,"T0",NA,0,31.8537681010494,7.8034732864261,9.342276,4.08199873721078
"530","Looe","1","5","48",NA,"T0",NA,0,18.593882478713,3.64450657578081,7.014389,5.1018929701696
"531","Looe","7","5","46",NA,"T0",NA,0,24.9312323133794,6.11365235646358,7.42228,4.07796041706905
"532","Looe","50","5","43",NA,"T0",NA,0,27.3280115780706,5.87915590202308,9.033994,4.64828829741813
"533","Looe","44","5","42",NA,"T0",NA,0,30.8752489841031,7.31096867084583,9.608008,4.22314064991487
"534","Looe","13","5","47",NA,"T0",NA,0,23.6974944704524,5.14571875691691,7.899937,4.60528365227852
"535","Looe","36","5","45",NA,"T0",NA,0,36.2926848018791,9.56812106969615,10.082263,3.79308377658641
"536","Looe","41","5","49",NA,"T0",NA,0,27.2416280566496,5.67828564540873,9.559787,4.79750927618026
"537","Looe","41","6","52",NA,"T0",NA,0,19.0842916892436,3.26581485853648,8.233462,5.84365388606134
"538","Looe","7","6","56",NA,"T0",NA,0,21.8217135451146,5.02342508338408,6.512749,4.34399103856332
"539","Looe","3","6","59",NA,"T0",NA,0,17.1033685617693,3.09149339758149,6.706171,5.53239692348993
"540","Looe","50","6","51",NA,"T0",NA,0,24.7855203955821,5.37328551239091,8.177941,4.61273095174752
"541","Looe","13","6","53",NA,"T0",NA,0,23.8971180537356,5.28983647593163,8.024495,4.51755326699903
"542","Looe","1","6","60",NA,"T0",NA,0,23.8331729613347,5.31921476250637,7.806027,4.48058106796664
"543","Looe","36","6","57",NA,"T0",NA,0,34.5572948165268,7.99713843643761,10.124927,4.32120752831692
"544","Looe","31","6","58",NA,"T0",NA,0,24.654536659679,5.22683057775462,7.813678,4.71691903782162
"545","Looe","44","6","55",NA,"T0",NA,0,30.6457253044563,5.9915776937593,10.572797,5.1148006202734
"546","Looe","62","6","54",NA,"T0",NA,0,34.3041970621696,8.6190161215114,8.983609,3.98005950778453
"547","Looe","7","7","66",NA,"T0",NA,0,20.7261991003516,4.95306054077341,6.701969,4.18452367576256
"548","Looe","50","7","63",NA,"T0",NA,0,26.6654064621283,5.73155532654171,8.363528,4.65238577365659
"549","Looe","3","7","69",NA,"T0",NA,0,23.7029672870463,5.1338940831419,8.235332,4.61695681741456
"550","Looe","1","7","64",NA,"T0",NA,0,21.3633449160519,5.08744079477169,6.846406,4.19923214399013
"551","Looe","44","7","61",NA,"T0",NA,0,29.7395498165956,6.85263675989234,8.805228,4.3398695799342
"552","Looe","41","7","68",NA,"T0",NA,0,26.8170960078179,5.96030737984449,8.512565,4.49928070798886
"553","Looe","13","7","62",NA,"T0",NA,0,20.6740965276247,4.59931599018905,6.775881,4.49503721243012
"554","Looe","36","7","65",NA,"T0",NA,0,33.4471561033456,8.01818756369733,9.416637,4.17141103742434
"555","Looe","41","8","80",NA,"T0",NA,0,29.6506949699016,6.11702777683772,9.64374,4.84723889634353
"556","Looe","31","8","75",NA,"T0",NA,0,21.8304954994045,4.88924590251976,6.482586,4.46500256576454
"557","Looe","62","8","73",NA,"T0",NA,0,27.5717484947439,6.13091785126947,8.89148,4.4971648884571
"558","Looe","36","8","77",NA,"T0",NA,0,37.2193708291076,8.47005249965238,9.617987,4.39423142071848
"559","Looe","7","9","89",NA,"T0",NA,0,23.9297130936483,5.92263407586855,6.904873,4.04038351637299
"560","Looe","41","9","90",NA,"T0",NA,0,28.945737730506,5.8352315965764,9.866615,4.96051223527937
"561","Looe","62","9","82",NA,"T0",NA,0,30.0785935815889,7.2896886292684,8.779782,4.126183587708
"562","Looe","3","9","81",NA,"T0",NA,0,21.0449359926647,4.63579155432954,6.818452,4.53966399179662
"563","Looe","31","9","86",NA,"T0",NA,0,17.4892855211077,2.76491838187636,7.261439,6.32542560234232
"564","Looe","50","9","84",NA,"T0",NA,0,32.3937865302782,7.42092757841196,9.170886,4.36519372921981
"565","Looe","13","9","83",NA,"T0",NA,0,22.9870435137453,4.72142343525853,7.924602,4.86866806778719
"566","Looe","36","9","87",NA,"T0",NA,0,35.7340346986969,8.63039663498361,10.75372,4.14048579805102
"567","Looe","44","9","88",NA,"T0",NA,0,38.4579567361006,8.96135230523438,11.024885,4.29153496327079
"568","Looe","1","9","85",NA,"T0",NA,0,27.2595020144296,5.65564077982037,9.584589,4.81987860892668
"569","Looe","36","10","99",NA,"T0",NA,0,34.0877717850934,8.07464735644331,10.0802,4.22158024745098
"570","Looe","41","10","95",NA,"T0",NA,0,27.8735093827533,5.35477415384437,9.511276,5.20535667461193
"571","Looe","50","10","100",NA,"T0",NA,0,27.0625731138853,5.53324787479371,8.94447,4.890902002993
"572","Looe","7","10","96",NA,"T0",NA,0,21.9416041656352,4.63679293639512,7.132475,4.73206469786716
"573","Looe","31","10","98",NA,"T0",NA,0,19.7588273407689,3.77861713654362,7.520687,5.22911600375654
"574","Looe","1","10","93",NA,"T0",NA,0,17.9564525096732,3.79666072163348,6.595071,4.72953835652389
"575","Looe","62","10","91",NA,"T0",NA,0,37.4455632099027,8.77939015756466,10.745427,4.26516677558044
"576","Looe","3","10","94",NA,"T0",NA,0,19.3164723074902,3.86328074582861,6.601647,5.00001775132373
"577","Looe","13","10","97",NA,"T0",NA,0,24.0545807292827,5.15306750837423,7.748622,4.66801195408204
